ISO-10303-21;
HEADER;
/* Generated by software containing ST-Developer
 * from STEP Tools, Inc. (www.steptools.com) 
 */
/* OPTION: using custom renumber hook */

FILE_DESCRIPTION(
/* description */ ('STEP AP242 Edition 2',
'CAx-IF Rec.Pracs.---Representation and Presentation of Product Manufa
cturing Information (PMI)---4.0---2014-10-13',
'CAx-IF Rec.Pracs.---3D Tessellated Geometry---0.4---2014-09-14','2;1',
'CAx-IF Rec.Pracs.---User Defined Attributes---1.5---2016-08-15'),
/* implementation_level */ '2;1');

FILE_NAME(
/* name */ '2542ed4d-189c-4c79-83e4-8cde0521d1e9',
/* time_stamp */ '2026-06-05T04:04:31Z',
/* author */ (''),
/* organization */ (''),
/* preprocessor_version */ 'ST-DEVELOPER v20',
/* originating_system */ 'ONSHAPE BY PTC INC, 1.215',
/* authorisation */ '  ');

FILE_SCHEMA (('AP242_MANAGED_MODEL_BASED_3D_ENGINEERING_MIM_LF { 1 0 10303 442 3 1 4 }'));
ENDSEC;

DATA;
#10=B_SPLINE_CURVE_WITH_KNOTS('',3,(#4805,#4806,#4807,#4808,#4809,#4810),
 .UNSPECIFIED.,.F.,.F.,(4,1,1,4),(-0.00196928382894768,-0.00107257553123661,
-0.000175867233525534,0.00161754936189662),.UNSPECIFIED.);
#11=B_SPLINE_CURVE_WITH_KNOTS('',3,(#4812,#4813,#4814,#4815),
 .UNSPECIFIED.,.F.,.F.,(4,4),(-0.00173515729362261,0.00150266475631558),
 .UNSPECIFIED.);
#12=B_SPLINE_CURVE_WITH_KNOTS('',3,(#4828,#4829,#4830,#4831),
 .UNSPECIFIED.,.F.,.F.,(4,4),(-0.0014999337204656,0.00173200371145842),
 .UNSPECIFIED.);
#13=B_SPLINE_CURVE_WITH_KNOTS('',3,(#4833,#4834,#4835,#4836,#4837,#4838),
 .UNSPECIFIED.,.F.,.F.,(4,1,1,4),(-0.00174547247641642,4.38787885492174E-5,
0.000938554421032039,0.00183323005351486),.UNSPECIFIED.);
#14=SHAPE_REPRESENTATION_RELATIONSHIP('','',#3051,#16);
#15=SHAPE_REPRESENTATION_RELATIONSHIP('','',#3052,#17);
#16=ADVANCED_BREP_SHAPE_REPRESENTATION('',(#3047),#4987);
#17=ADVANCED_BREP_SHAPE_REPRESENTATION('',(#3048),#4988);
#18=ELLIPSE('',#3140,0.0017434467956211,0.001);
#19=ELLIPSE('',#3141,0.0017434467956211,0.001);
#20=ELLIPSE('',#3199,0.00848528137423857,0.006);
#21=ELLIPSE('',#3205,0.00848528137423857,0.006);
#22=ELLIPSE('',#3223,0.00282842712474619,0.002);
#23=ELLIPSE('',#3227,0.00282842712474619,0.002);
#24=ELLIPSE('',#3240,0.00282842712474619,0.002);
#25=ELLIPSE('',#3242,0.0028284271247462,0.002);
#26=CYLINDRICAL_SURFACE('',#3058,0.0007);
#27=CYLINDRICAL_SURFACE('',#3061,0.0007);
#28=CYLINDRICAL_SURFACE('',#3094,0.00135);
#29=CYLINDRICAL_SURFACE('',#3097,0.00135);
#30=CYLINDRICAL_SURFACE('',#3102,0.00135);
#31=CYLINDRICAL_SURFACE('',#3108,0.00135);
#32=CYLINDRICAL_SURFACE('',#3113,0.0007);
#33=CYLINDRICAL_SURFACE('',#3114,0.0007);
#34=CYLINDRICAL_SURFACE('',#3117,0.006);
#35=CYLINDRICAL_SURFACE('',#3121,0.006);
#36=CYLINDRICAL_SURFACE('',#3129,0.001);
#37=CYLINDRICAL_SURFACE('',#3130,0.001);
#38=CYLINDRICAL_SURFACE('',#3146,0.001);
#39=CYLINDRICAL_SURFACE('',#3147,0.001);
#40=CYLINDRICAL_SURFACE('',#3158,0.0005);
#41=CYLINDRICAL_SURFACE('',#3161,0.0005);
#42=CYLINDRICAL_SURFACE('',#3174,0.00320156211871642);
#43=CYLINDRICAL_SURFACE('',#3177,0.00320156211871642);
#44=CYLINDRICAL_SURFACE('',#3189,0.00165);
#45=CYLINDRICAL_SURFACE('',#3195,0.00165);
#46=CYLINDRICAL_SURFACE('',#3198,0.006);
#47=CYLINDRICAL_SURFACE('',#3202,0.006);
#48=CYLINDRICAL_SURFACE('',#3221,0.002);
#49=CYLINDRICAL_SURFACE('',#3224,0.002);
#50=CYLINDRICAL_SURFACE('',#3225,0.002);
#51=CYLINDRICAL_SURFACE('',#3228,0.002);
#52=CYLINDRICAL_SURFACE('',#3232,0.002);
#53=CYLINDRICAL_SURFACE('',#3234,0.002);
#54=CYLINDRICAL_SURFACE('',#3236,0.002);
#55=CYLINDRICAL_SURFACE('',#3238,0.002);
#56=CYLINDRICAL_SURFACE('',#3241,0.002);
#57=CYLINDRICAL_SURFACE('',#3244,0.002);
#58=CYLINDRICAL_SURFACE('',#3259,0.0007);
#59=CYLINDRICAL_SURFACE('',#3262,0.0007);
#60=CYLINDRICAL_SURFACE('',#3265,0.0007);
#61=CYLINDRICAL_SURFACE('',#3268,0.0007);
#62=LINE('',#4100,#409);
#63=LINE('',#4103,#410);
#64=LINE('',#4105,#411);
#65=LINE('',#4107,#412);
#66=LINE('',#4109,#413);
#67=LINE('',#4111,#414);
#68=LINE('',#4113,#415);
#69=LINE('',#4115,#416);
#70=LINE('',#4117,#417);
#71=LINE('',#4121,#418);
#72=LINE('',#4124,#419);
#73=LINE('',#4126,#420);
#74=LINE('',#4128,#421);
#75=LINE('',#4130,#422);
#76=LINE('',#4132,#423);
#77=LINE('',#4134,#424);
#78=LINE('',#4136,#425);
#79=LINE('',#4138,#426);
#80=LINE('',#4150,#427);
#81=LINE('',#4155,#428);
#82=LINE('',#4157,#429);
#83=LINE('',#4159,#430);
#84=LINE('',#4161,#431);
#85=LINE('',#4163,#432);
#86=LINE('',#4165,#433);
#87=LINE('',#4168,#434);
#88=LINE('',#4169,#435);
#89=LINE('',#4170,#436);
#90=LINE('',#4172,#437);
#91=LINE('',#4177,#438);
#92=LINE('',#4179,#439);
#93=LINE('',#4181,#440);
#94=LINE('',#4183,#441);
#95=LINE('',#4185,#442);
#96=LINE('',#4187,#443);
#97=LINE('',#4190,#444);
#98=LINE('',#4192,#445);
#99=LINE('',#4196,#446);
#100=LINE('',#4198,#447);
#101=LINE('',#4200,#448);
#102=LINE('',#4204,#449);
#103=LINE('',#4206,#450);
#104=LINE('',#4208,#451);
#105=LINE('',#4210,#452);
#106=LINE('',#4212,#453);
#107=LINE('',#4214,#454);
#108=LINE('',#4216,#455);
#109=LINE('',#4220,#456);
#110=LINE('',#4222,#457);
#111=LINE('',#4224,#458);
#112=LINE('',#4228,#459);
#113=LINE('',#4231,#460);
#114=LINE('',#4232,#461);
#115=LINE('',#4234,#462);
#116=LINE('',#4236,#463);
#117=LINE('',#4237,#464);
#118=LINE('',#4238,#465);
#119=LINE('',#4240,#466);
#120=LINE('',#4242,#467);
#121=LINE('',#4244,#468);
#122=LINE('',#4246,#469);
#123=LINE('',#4248,#470);
#124=LINE('',#4250,#471);
#125=LINE('',#4252,#472);
#126=LINE('',#4257,#473);
#127=LINE('',#4258,#474);
#128=LINE('',#4260,#475);
#129=LINE('',#4262,#476);
#130=LINE('',#4263,#477);
#131=LINE('',#4265,#478);
#132=LINE('',#4267,#479);
#133=LINE('',#4268,#480);
#134=LINE('',#4272,#481);
#135=LINE('',#4274,#482);
#136=LINE('',#4276,#483);
#137=LINE('',#4278,#484);
#138=LINE('',#4279,#485);
#139=LINE('',#4281,#486);
#140=LINE('',#4282,#487);
#141=LINE('',#4284,#488);
#142=LINE('',#4286,#489);
#143=LINE('',#4290,#490);
#144=LINE('',#4292,#491);
#145=LINE('',#4294,#492);
#146=LINE('',#4296,#493);
#147=LINE('',#4298,#494);
#148=LINE('',#4302,#495);
#149=LINE('',#4303,#496);
#150=LINE('',#4305,#497);
#151=LINE('',#4307,#498);
#152=LINE('',#4310,#499);
#153=LINE('',#4311,#500);
#154=LINE('',#4313,#501);
#155=LINE('',#4315,#502);
#156=LINE('',#4316,#503);
#157=LINE('',#4318,#504);
#158=LINE('',#4322,#505);
#159=LINE('',#4324,#506);
#160=LINE('',#4326,#507);
#161=LINE('',#4330,#508);
#162=LINE('',#4332,#509);
#163=LINE('',#4334,#510);
#164=LINE('',#4338,#511);
#165=LINE('',#4340,#512);
#166=LINE('',#4344,#513);
#167=LINE('',#4346,#514);
#168=LINE('',#4348,#515);
#169=LINE('',#4350,#516);
#170=LINE('',#4352,#517);
#171=LINE('',#4354,#518);
#172=LINE('',#4358,#519);
#173=LINE('',#4363,#520);
#174=LINE('',#4365,#521);
#175=LINE('',#4367,#522);
#176=LINE('',#4371,#523);
#177=LINE('',#4378,#524);
#178=LINE('',#4380,#525);
#179=LINE('',#4382,#526);
#180=LINE('',#4384,#527);
#181=LINE('',#4386,#528);
#182=LINE('',#4390,#529);
#183=LINE('',#4392,#530);
#184=LINE('',#4394,#531);
#185=LINE('',#4396,#532);
#186=LINE('',#4400,#533);
#187=LINE('',#4402,#534);
#188=LINE('',#4404,#535);
#189=LINE('',#4406,#536);
#190=LINE('',#4408,#537);
#191=LINE('',#4410,#538);
#192=LINE('',#4412,#539);
#193=LINE('',#4413,#540);
#194=LINE('',#4415,#541);
#195=LINE('',#4417,#542);
#196=LINE('',#4423,#543);
#197=LINE('',#4426,#544);
#198=LINE('',#4427,#545);
#199=LINE('',#4429,#546);
#200=LINE('',#4431,#547);
#201=LINE('',#4433,#548);
#202=LINE('',#4435,#549);
#203=LINE('',#4437,#550);
#204=LINE('',#4439,#551);
#205=LINE('',#4441,#552);
#206=LINE('',#4443,#553);
#207=LINE('',#4445,#554);
#208=LINE('',#4449,#555);
#209=LINE('',#4455,#556);
#210=LINE('',#4459,#557);
#211=LINE('',#4460,#558);
#212=LINE('',#4465,#559);
#213=LINE('',#4468,#560);
#214=LINE('',#4470,#561);
#215=LINE('',#4472,#562);
#216=LINE('',#4474,#563);
#217=LINE('',#4476,#564);
#218=LINE('',#4478,#565);
#219=LINE('',#4480,#566);
#220=LINE('',#4484,#567);
#221=LINE('',#4487,#568);
#222=LINE('',#4489,#569);
#223=LINE('',#4491,#570);
#224=LINE('',#4493,#571);
#225=LINE('',#4495,#572);
#226=LINE('',#4497,#573);
#227=LINE('',#4499,#574);
#228=LINE('',#4501,#575);
#229=LINE('',#4505,#576);
#230=LINE('',#4508,#577);
#231=LINE('',#4510,#578);
#232=LINE('',#4512,#579);
#233=LINE('',#4514,#580);
#234=LINE('',#4516,#581);
#235=LINE('',#4518,#582);
#236=LINE('',#4520,#583);
#237=LINE('',#4522,#584);
#238=LINE('',#4524,#585);
#239=LINE('',#4527,#586);
#240=LINE('',#4529,#587);
#241=LINE('',#4531,#588);
#242=LINE('',#4533,#589);
#243=LINE('',#4535,#590);
#244=LINE('',#4537,#591);
#245=LINE('',#4539,#592);
#246=LINE('',#4541,#593);
#247=LINE('',#4543,#594);
#248=LINE('',#4545,#595);
#249=LINE('',#4547,#596);
#250=LINE('',#4549,#597);
#251=LINE('',#4551,#598);
#252=LINE('',#4553,#599);
#253=LINE('',#4556,#600);
#254=LINE('',#4558,#601);
#255=LINE('',#4560,#602);
#256=LINE('',#4568,#603);
#257=LINE('',#4571,#604);
#258=LINE('',#4573,#605);
#259=LINE('',#4575,#606);
#260=LINE('',#4577,#607);
#261=LINE('',#4580,#608);
#262=LINE('',#4582,#609);
#263=LINE('',#4584,#610);
#264=LINE('',#4586,#611);
#265=LINE('',#4588,#612);
#266=LINE('',#4590,#613);
#267=LINE('',#4593,#614);
#268=LINE('',#4595,#615);
#269=LINE('',#4597,#616);
#270=LINE('',#4599,#617);
#271=LINE('',#4601,#618);
#272=LINE('',#4603,#619);
#273=LINE('',#4604,#620);
#274=LINE('',#4606,#621);
#275=LINE('',#4609,#622);
#276=LINE('',#4611,#623);
#277=LINE('',#4612,#624);
#278=LINE('',#4614,#625);
#279=LINE('',#4616,#626);
#280=LINE('',#4618,#627);
#281=LINE('',#4620,#628);
#282=LINE('',#4622,#629);
#283=LINE('',#4624,#630);
#284=LINE('',#4626,#631);
#285=LINE('',#4628,#632);
#286=LINE('',#4630,#633);
#287=LINE('',#4632,#634);
#288=LINE('',#4634,#635);
#289=LINE('',#4637,#636);
#290=LINE('',#4638,#637);
#291=LINE('',#4640,#638);
#292=LINE('',#4642,#639);
#293=LINE('',#4644,#640);
#294=LINE('',#4646,#641);
#295=LINE('',#4648,#642);
#296=LINE('',#4650,#643);
#297=LINE('',#4652,#644);
#298=LINE('',#4654,#645);
#299=LINE('',#4656,#646);
#300=LINE('',#4658,#647);
#301=LINE('',#4660,#648);
#302=LINE('',#4662,#649);
#303=LINE('',#4663,#650);
#304=LINE('',#4665,#651);
#305=LINE('',#4667,#652);
#306=LINE('',#4668,#653);
#307=LINE('',#4669,#654);
#308=LINE('',#4671,#655);
#309=LINE('',#4679,#656);
#310=LINE('',#4683,#657);
#311=LINE('',#4684,#658);
#312=LINE('',#4685,#659);
#313=LINE('',#4687,#660);
#314=LINE('',#4689,#661);
#315=LINE('',#4690,#662);
#316=LINE('',#4692,#663);
#317=LINE('',#4693,#664);
#318=LINE('',#4695,#665);
#319=LINE('',#4697,#666);
#320=LINE('',#4698,#667);
#321=LINE('',#4700,#668);
#322=LINE('',#4703,#669);
#323=LINE('',#4705,#670);
#324=LINE('',#4707,#671);
#325=LINE('',#4709,#672);
#326=LINE('',#4712,#673);
#327=LINE('',#4714,#674);
#328=LINE('',#4715,#675);
#329=LINE('',#4717,#676);
#330=LINE('',#4719,#677);
#331=LINE('',#4721,#678);
#332=LINE('',#4723,#679);
#333=LINE('',#4725,#680);
#334=LINE('',#4726,#681);
#335=LINE('',#4728,#682);
#336=LINE('',#4729,#683);
#337=LINE('',#4731,#684);
#338=LINE('',#4733,#685);
#339=LINE('',#4735,#686);
#340=LINE('',#4739,#687);
#341=LINE('',#4741,#688);
#342=LINE('',#4743,#689);
#343=LINE('',#4745,#690);
#344=LINE('',#4747,#691);
#345=LINE('',#4749,#692);
#346=LINE('',#4751,#693);
#347=LINE('',#4755,#694);
#348=LINE('',#4758,#695);
#349=LINE('',#4760,#696);
#350=LINE('',#4762,#697);
#351=LINE('',#4769,#698);
#352=LINE('',#4772,#699);
#353=LINE('',#4774,#700);
#354=LINE('',#4776,#701);
#355=LINE('',#4778,#702);
#356=LINE('',#4781,#703);
#357=LINE('',#4783,#704);
#358=LINE('',#4785,#705);
#359=LINE('',#4787,#706);
#360=LINE('',#4790,#707);
#361=LINE('',#4792,#708);
#362=LINE('',#4794,#709);
#363=LINE('',#4817,#710);
#364=LINE('',#4820,#711);
#365=LINE('',#4822,#712);
#366=LINE('',#4826,#713);
#367=LINE('',#4843,#714);
#368=LINE('',#4850,#715);
#369=LINE('',#4852,#716);
#370=LINE('',#4854,#717);
#371=LINE('',#4856,#718);
#372=LINE('',#4858,#719);
#373=LINE('',#4860,#720);
#374=LINE('',#4862,#721);
#375=LINE('',#4864,#722);
#376=LINE('',#4866,#723);
#377=LINE('',#4868,#724);
#378=LINE('',#4870,#725);
#379=LINE('',#4872,#726);
#380=LINE('',#4874,#727);
#381=LINE('',#4876,#728);
#382=LINE('',#4878,#729);
#383=LINE('',#4880,#730);
#384=LINE('',#4888,#731);
#385=LINE('',#4893,#732);
#386=LINE('',#4912,#733);
#387=LINE('',#4914,#734);
#388=LINE('',#4916,#735);
#389=LINE('',#4918,#736);
#390=LINE('',#4920,#737);
#391=LINE('',#4922,#738);
#392=LINE('',#4924,#739);
#393=LINE('',#4925,#740);
#394=LINE('',#4926,#741);
#395=LINE('',#4928,#742);
#396=LINE('',#4930,#743);
#397=LINE('',#4934,#744);
#398=LINE('',#4939,#745);
#399=LINE('',#4960,#746);
#400=LINE('',#4962,#747);
#401=LINE('',#4966,#748);
#402=LINE('',#4968,#749);
#403=LINE('',#4970,#750);
#404=LINE('',#4972,#751);
#405=LINE('',#4974,#752);
#406=LINE('',#4976,#753);
#407=LINE('',#4981,#754);
#408=LINE('',#4983,#755);
#409=VECTOR('',#3291,1.);
#410=VECTOR('',#3292,1.);
#411=VECTOR('',#3293,1.);
#412=VECTOR('',#3294,1.);
#413=VECTOR('',#3295,1.);
#414=VECTOR('',#3296,1.);
#415=VECTOR('',#3297,1.);
#416=VECTOR('',#3298,1.);
#417=VECTOR('',#3299,1.);
#418=VECTOR('',#3304,1.);
#419=VECTOR('',#3305,1.);
#420=VECTOR('',#3306,1.);
#421=VECTOR('',#3307,1.);
#422=VECTOR('',#3308,1.);
#423=VECTOR('',#3309,1.);
#424=VECTOR('',#3310,1.);
#425=VECTOR('',#3311,1.);
#426=VECTOR('',#3312,1.);
#427=VECTOR('',#3327,1.);
#428=VECTOR('',#3330,1.);
#429=VECTOR('',#3331,1.);
#430=VECTOR('',#3332,1.);
#431=VECTOR('',#3333,1.);
#432=VECTOR('',#3334,1.);
#433=VECTOR('',#3337,1.);
#434=VECTOR('',#3338,1.);
#435=VECTOR('',#3339,1.);
#436=VECTOR('',#3340,1.);
#437=VECTOR('',#3343,1.);
#438=VECTOR('',#3346,1.);
#439=VECTOR('',#3347,1.);
#440=VECTOR('',#3348,1.);
#441=VECTOR('',#3349,1.);
#442=VECTOR('',#3350,1.);
#443=VECTOR('',#3353,1.);
#444=VECTOR('',#3354,1.);
#445=VECTOR('',#3355,1.);
#446=VECTOR('',#3358,1.);
#447=VECTOR('',#3359,1.);
#448=VECTOR('',#3360,1.);
#449=VECTOR('',#3363,1.);
#450=VECTOR('',#3364,1.);
#451=VECTOR('',#3365,1.);
#452=VECTOR('',#3366,1.);
#453=VECTOR('',#3367,1.);
#454=VECTOR('',#3368,1.);
#455=VECTOR('',#3369,1.);
#456=VECTOR('',#3372,1.);
#457=VECTOR('',#3373,1.);
#458=VECTOR('',#3374,1.);
#459=VECTOR('',#3379,1.);
#460=VECTOR('',#3380,1.);
#461=VECTOR('',#3381,1.);
#462=VECTOR('',#3382,1.);
#463=VECTOR('',#3383,1.);
#464=VECTOR('',#3384,1.);
#465=VECTOR('',#3385,1.);
#466=VECTOR('',#3388,1.);
#467=VECTOR('',#3389,1.);
#468=VECTOR('',#3390,1.);
#469=VECTOR('',#3393,1.);
#470=VECTOR('',#3394,1.);
#471=VECTOR('',#3395,1.);
#472=VECTOR('',#3398,1.);
#473=VECTOR('',#3401,1.);
#474=VECTOR('',#3402,1.);
#475=VECTOR('',#3403,1.);
#476=VECTOR('',#3404,1.);
#477=VECTOR('',#3405,1.);
#478=VECTOR('',#3406,1.);
#479=VECTOR('',#3407,1.);
#480=VECTOR('',#3408,1.);
#481=VECTOR('',#3413,1.);
#482=VECTOR('',#3416,1.);
#483=VECTOR('',#3417,1.);
#484=VECTOR('',#3418,1.);
#485=VECTOR('',#3419,1.);
#486=VECTOR('',#3422,1.);
#487=VECTOR('',#3423,1.);
#488=VECTOR('',#3426,1.);
#489=VECTOR('',#3429,1.);
#490=VECTOR('',#3432,1.);
#491=VECTOR('',#3433,1.);
#492=VECTOR('',#3434,1.);
#493=VECTOR('',#3435,1.);
#494=VECTOR('',#3436,1.);
#495=VECTOR('',#3439,1.);
#496=VECTOR('',#3440,1.);
#497=VECTOR('',#3443,1.);
#498=VECTOR('',#3446,1.);
#499=VECTOR('',#3447,1.);
#500=VECTOR('',#3448,1.);
#501=VECTOR('',#3449,1.);
#502=VECTOR('',#3450,1.);
#503=VECTOR('',#3451,1.);
#504=VECTOR('',#3454,1.);
#505=VECTOR('',#3459,1.);
#506=VECTOR('',#3460,1.);
#507=VECTOR('',#3461,1.);
#508=VECTOR('',#3466,1.);
#509=VECTOR('',#3467,1.);
#510=VECTOR('',#3470,1.);
#511=VECTOR('',#3475,1.);
#512=VECTOR('',#3478,1.);
#513=VECTOR('',#3481,1.);
#514=VECTOR('',#3484,1.);
#515=VECTOR('',#3487,1.);
#516=VECTOR('',#3490,1.);
#517=VECTOR('',#3491,1.);
#518=VECTOR('',#3494,1.);
#519=VECTOR('',#3499,1.);
#520=VECTOR('',#3506,1.);
#521=VECTOR('',#3507,1.);
#522=VECTOR('',#3510,1.);
#523=VECTOR('',#3515,1.);
#524=VECTOR('',#3526,1.);
#525=VECTOR('',#3527,1.);
#526=VECTOR('',#3528,1.);
#527=VECTOR('',#3531,1.);
#528=VECTOR('',#3532,1.);
#529=VECTOR('',#3537,1.);
#530=VECTOR('',#3540,1.);
#531=VECTOR('',#3543,1.);
#532=VECTOR('',#3544,1.);
#533=VECTOR('',#3549,1.);
#534=VECTOR('',#3552,1.);
#535=VECTOR('',#3553,1.);
#536=VECTOR('',#3556,1.);
#537=VECTOR('',#3557,1.);
#538=VECTOR('',#3560,1.);
#539=VECTOR('',#3563,1.);
#540=VECTOR('',#3564,1.);
#541=VECTOR('',#3567,1.);
#542=VECTOR('',#3570,1.);
#543=VECTOR('',#3581,1.);
#544=VECTOR('',#3582,1.);
#545=VECTOR('',#3583,1.);
#546=VECTOR('',#3586,1.);
#547=VECTOR('',#3587,1.);
#548=VECTOR('',#3590,1.);
#549=VECTOR('',#3593,1.);
#550=VECTOR('',#3594,1.);
#551=VECTOR('',#3597,1.);
#552=VECTOR('',#3598,1.);
#553=VECTOR('',#3601,1.);
#554=VECTOR('',#3602,1.);
#555=VECTOR('',#3607,1.);
#556=VECTOR('',#3614,1.);
#557=VECTOR('',#3619,1.);
#558=VECTOR('',#3620,1.);
#559=VECTOR('',#3629,1.);
#560=VECTOR('',#3630,1.);
#561=VECTOR('',#3631,1.);
#562=VECTOR('',#3632,1.);
#563=VECTOR('',#3633,1.);
#564=VECTOR('',#3634,1.);
#565=VECTOR('',#3635,1.);
#566=VECTOR('',#3636,1.);
#567=VECTOR('',#3641,1.);
#568=VECTOR('',#3642,1.);
#569=VECTOR('',#3643,1.);
#570=VECTOR('',#3644,1.);
#571=VECTOR('',#3645,1.);
#572=VECTOR('',#3646,1.);
#573=VECTOR('',#3647,1.);
#574=VECTOR('',#3648,1.);
#575=VECTOR('',#3649,1.);
#576=VECTOR('',#3654,1.);
#577=VECTOR('',#3655,1.);
#578=VECTOR('',#3656,1.);
#579=VECTOR('',#3657,1.);
#580=VECTOR('',#3658,1.);
#581=VECTOR('',#3659,1.);
#582=VECTOR('',#3660,1.);
#583=VECTOR('',#3661,1.);
#584=VECTOR('',#3662,1.);
#585=VECTOR('',#3665,1.);
#586=VECTOR('',#3666,1.);
#587=VECTOR('',#3667,1.);
#588=VECTOR('',#3668,1.);
#589=VECTOR('',#3671,1.);
#590=VECTOR('',#3672,1.);
#591=VECTOR('',#3673,1.);
#592=VECTOR('',#3674,1.);
#593=VECTOR('',#3675,1.);
#594=VECTOR('',#3678,1.);
#595=VECTOR('',#3679,1.);
#596=VECTOR('',#3680,1.);
#597=VECTOR('',#3681,1.);
#598=VECTOR('',#3682,1.);
#599=VECTOR('',#3685,1.);
#600=VECTOR('',#3686,1.);
#601=VECTOR('',#3687,1.);
#602=VECTOR('',#3688,1.);
#603=VECTOR('',#3703,1.);
#604=VECTOR('',#3704,1.);
#605=VECTOR('',#3705,1.);
#606=VECTOR('',#3706,1.);
#607=VECTOR('',#3709,1.);
#608=VECTOR('',#3710,1.);
#609=VECTOR('',#3711,1.);
#610=VECTOR('',#3712,1.);
#611=VECTOR('',#3713,1.);
#612=VECTOR('',#3714,1.);
#613=VECTOR('',#3717,1.);
#614=VECTOR('',#3718,1.);
#615=VECTOR('',#3719,1.);
#616=VECTOR('',#3720,1.);
#617=VECTOR('',#3721,1.);
#618=VECTOR('',#3722,1.);
#619=VECTOR('',#3725,1.);
#620=VECTOR('',#3726,1.);
#621=VECTOR('',#3729,1.);
#622=VECTOR('',#3730,1.);
#623=VECTOR('',#3731,1.);
#624=VECTOR('',#3732,1.);
#625=VECTOR('',#3733,1.);
#626=VECTOR('',#3734,1.);
#627=VECTOR('',#3735,1.);
#628=VECTOR('',#3738,1.);
#629=VECTOR('',#3739,1.);
#630=VECTOR('',#3740,1.);
#631=VECTOR('',#3741,1.);
#632=VECTOR('',#3742,1.);
#633=VECTOR('',#3743,1.);
#634=VECTOR('',#3744,1.);
#635=VECTOR('',#3747,1.);
#636=VECTOR('',#3748,1.);
#637=VECTOR('',#3749,1.);
#638=VECTOR('',#3750,1.);
#639=VECTOR('',#3751,1.);
#640=VECTOR('',#3752,1.);
#641=VECTOR('',#3753,1.);
#642=VECTOR('',#3756,1.);
#643=VECTOR('',#3757,1.);
#644=VECTOR('',#3758,1.);
#645=VECTOR('',#3759,1.);
#646=VECTOR('',#3760,1.);
#647=VECTOR('',#3761,1.);
#648=VECTOR('',#3762,1.);
#649=VECTOR('',#3765,1.);
#650=VECTOR('',#3766,1.);
#651=VECTOR('',#3767,1.);
#652=VECTOR('',#3770,1.);
#653=VECTOR('',#3771,1.);
#654=VECTOR('',#3772,1.);
#655=VECTOR('',#3775,1.);
#656=VECTOR('',#3784,1.);
#657=VECTOR('',#3789,1.);
#658=VECTOR('',#3790,1.);
#659=VECTOR('',#3791,1.);
#660=VECTOR('',#3792,1.);
#661=VECTOR('',#3793,1.);
#662=VECTOR('',#3794,1.);
#663=VECTOR('',#3795,1.);
#664=VECTOR('',#3796,1.);
#665=VECTOR('',#3799,1.);
#666=VECTOR('',#3802,1.);
#667=VECTOR('',#3803,1.);
#668=VECTOR('',#3806,1.);
#669=VECTOR('',#3807,1.);
#670=VECTOR('',#3808,1.);
#671=VECTOR('',#3809,1.);
#672=VECTOR('',#3812,1.);
#673=VECTOR('',#3813,1.);
#674=VECTOR('',#3814,1.);
#675=VECTOR('',#3815,1.);
#676=VECTOR('',#3816,1.);
#677=VECTOR('',#3817,1.);
#678=VECTOR('',#3818,1.);
#679=VECTOR('',#3819,1.);
#680=VECTOR('',#3820,1.);
#681=VECTOR('',#3821,1.);
#682=VECTOR('',#3822,1.);
#683=VECTOR('',#3823,1.);
#684=VECTOR('',#3824,1.);
#685=VECTOR('',#3825,1.);
#686=VECTOR('',#3826,1.);
#687=VECTOR('',#3831,1.);
#688=VECTOR('',#3832,1.);
#689=VECTOR('',#3833,1.);
#690=VECTOR('',#3834,1.);
#691=VECTOR('',#3835,1.);
#692=VECTOR('',#3836,1.);
#693=VECTOR('',#3837,1.);
#694=VECTOR('',#3842,1.);
#695=VECTOR('',#3843,1.);
#696=VECTOR('',#3844,1.);
#697=VECTOR('',#3845,1.);
#698=VECTOR('',#3854,1.);
#699=VECTOR('',#3855,1.);
#700=VECTOR('',#3856,1.);
#701=VECTOR('',#3857,1.);
#702=VECTOR('',#3860,1.);
#703=VECTOR('',#3861,1.);
#704=VECTOR('',#3862,1.);
#705=VECTOR('',#3863,1.);
#706=VECTOR('',#3866,1.);
#707=VECTOR('',#3867,1.);
#708=VECTOR('',#3868,1.);
#709=VECTOR('',#3869,1.);
#710=VECTOR('',#3882,1.);
#711=VECTOR('',#3885,1.);
#712=VECTOR('',#3888,1.);
#713=VECTOR('',#3891,1.);
#714=VECTOR('',#3898,1.);
#715=VECTOR('',#3911,1.);
#716=VECTOR('',#3914,1.);
#717=VECTOR('',#3915,1.);
#718=VECTOR('',#3918,1.);
#719=VECTOR('',#3921,1.);
#720=VECTOR('',#3922,1.);
#721=VECTOR('',#3923,1.);
#722=VECTOR('',#3926,1.);
#723=VECTOR('',#3929,1.);
#724=VECTOR('',#3930,1.);
#725=VECTOR('',#3933,1.);
#726=VECTOR('',#3934,1.);
#727=VECTOR('',#3937,1.);
#728=VECTOR('',#3938,1.);
#729=VECTOR('',#3941,1.);
#730=VECTOR('',#3944,1.);
#731=VECTOR('',#3955,1.);
#732=VECTOR('',#3964,1.);
#733=VECTOR('',#3997,1.);
#734=VECTOR('',#4000,1.);
#735=VECTOR('',#4003,1.);
#736=VECTOR('',#4004,1.);
#737=VECTOR('',#4007,1.);
#738=VECTOR('',#4008,1.);
#739=VECTOR('',#4011,1.);
#740=VECTOR('',#4012,1.);
#741=VECTOR('',#4013,1.);
#742=VECTOR('',#4014,1.);
#743=VECTOR('',#4015,1.);
#744=VECTOR('',#4022,1.);
#745=VECTOR('',#4029,1.);
#746=VECTOR('',#4060,1.);
#747=VECTOR('',#4063,1.);
#748=VECTOR('',#4070,1.);
#749=VECTOR('',#4071,1.);
#750=VECTOR('',#4072,1.);
#751=VECTOR('',#4075,1.);
#752=VECTOR('',#4078,1.);
#753=VECTOR('',#4081,1.);
#754=VECTOR('',#4090,1.);
#755=VECTOR('',#4093,1.);
#756=ORIENTED_EDGE('',*,*,#1610,.T.);
#757=ORIENTED_EDGE('',*,*,#1611,.T.);
#758=ORIENTED_EDGE('',*,*,#1612,.F.);
#759=ORIENTED_EDGE('',*,*,#1613,.F.);
#760=ORIENTED_EDGE('',*,*,#1614,.T.);
#761=ORIENTED_EDGE('',*,*,#1615,.T.);
#762=ORIENTED_EDGE('',*,*,#1616,.T.);
#763=ORIENTED_EDGE('',*,*,#1617,.F.);
#764=ORIENTED_EDGE('',*,*,#1618,.F.);
#765=ORIENTED_EDGE('',*,*,#1619,.F.);
#766=ORIENTED_EDGE('',*,*,#1620,.T.);
#767=ORIENTED_EDGE('',*,*,#1621,.F.);
#768=ORIENTED_EDGE('',*,*,#1622,.T.);
#769=ORIENTED_EDGE('',*,*,#1623,.F.);
#770=ORIENTED_EDGE('',*,*,#1624,.F.);
#771=ORIENTED_EDGE('',*,*,#1625,.F.);
#772=ORIENTED_EDGE('',*,*,#1626,.T.);
#773=ORIENTED_EDGE('',*,*,#1627,.T.);
#774=ORIENTED_EDGE('',*,*,#1628,.T.);
#775=ORIENTED_EDGE('',*,*,#1629,.F.);
#776=ORIENTED_EDGE('',*,*,#1630,.F.);
#777=ORIENTED_EDGE('',*,*,#1631,.T.);
#778=ORIENTED_EDGE('',*,*,#1632,.F.);
#779=ORIENTED_EDGE('',*,*,#1633,.T.);
#780=ORIENTED_EDGE('',*,*,#1630,.T.);
#781=ORIENTED_EDGE('',*,*,#1634,.T.);
#782=ORIENTED_EDGE('',*,*,#1635,.T.);
#783=ORIENTED_EDGE('',*,*,#1636,.F.);
#784=ORIENTED_EDGE('',*,*,#1637,.T.);
#785=ORIENTED_EDGE('',*,*,#1638,.T.);
#786=ORIENTED_EDGE('',*,*,#1639,.T.);
#787=ORIENTED_EDGE('',*,*,#1640,.T.);
#788=ORIENTED_EDGE('',*,*,#1641,.T.);
#789=ORIENTED_EDGE('',*,*,#1642,.T.);
#790=ORIENTED_EDGE('',*,*,#1634,.F.);
#791=ORIENTED_EDGE('',*,*,#1643,.T.);
#792=ORIENTED_EDGE('',*,*,#1613,.T.);
#793=ORIENTED_EDGE('',*,*,#1644,.T.);
#794=ORIENTED_EDGE('',*,*,#1632,.T.);
#795=ORIENTED_EDGE('',*,*,#1645,.T.);
#796=ORIENTED_EDGE('',*,*,#1646,.T.);
#797=ORIENTED_EDGE('',*,*,#1647,.T.);
#798=ORIENTED_EDGE('',*,*,#1648,.T.);
#799=ORIENTED_EDGE('',*,*,#1649,.T.);
#800=ORIENTED_EDGE('',*,*,#1650,.T.);
#801=ORIENTED_EDGE('',*,*,#1651,.F.);
#802=ORIENTED_EDGE('',*,*,#1652,.T.);
#803=ORIENTED_EDGE('',*,*,#1653,.F.);
#804=ORIENTED_EDGE('',*,*,#1654,.F.);
#805=ORIENTED_EDGE('',*,*,#1655,.F.);
#806=ORIENTED_EDGE('',*,*,#1656,.T.);
#807=ORIENTED_EDGE('',*,*,#1657,.F.);
#808=ORIENTED_EDGE('',*,*,#1658,.F.);
#809=ORIENTED_EDGE('',*,*,#1659,.F.);
#810=ORIENTED_EDGE('',*,*,#1660,.T.);
#811=ORIENTED_EDGE('',*,*,#1661,.F.);
#812=ORIENTED_EDGE('',*,*,#1662,.F.);
#813=ORIENTED_EDGE('',*,*,#1663,.F.);
#814=ORIENTED_EDGE('',*,*,#1664,.F.);
#815=ORIENTED_EDGE('',*,*,#1665,.F.);
#816=ORIENTED_EDGE('',*,*,#1666,.F.);
#817=ORIENTED_EDGE('',*,*,#1667,.F.);
#818=ORIENTED_EDGE('',*,*,#1668,.T.);
#819=ORIENTED_EDGE('',*,*,#1669,.F.);
#820=ORIENTED_EDGE('',*,*,#1670,.F.);
#821=ORIENTED_EDGE('',*,*,#1671,.F.);
#822=ORIENTED_EDGE('',*,*,#1672,.T.);
#823=ORIENTED_EDGE('',*,*,#1673,.T.);
#824=ORIENTED_EDGE('',*,*,#1657,.T.);
#825=ORIENTED_EDGE('',*,*,#1674,.F.);
#826=ORIENTED_EDGE('',*,*,#1675,.T.);
#827=ORIENTED_EDGE('',*,*,#1676,.F.);
#828=ORIENTED_EDGE('',*,*,#1614,.F.);
#829=ORIENTED_EDGE('',*,*,#1643,.F.);
#830=ORIENTED_EDGE('',*,*,#1640,.F.);
#831=ORIENTED_EDGE('',*,*,#1677,.T.);
#832=ORIENTED_EDGE('',*,*,#1661,.T.);
#833=ORIENTED_EDGE('',*,*,#1678,.F.);
#834=ORIENTED_EDGE('',*,*,#1679,.F.);
#835=ORIENTED_EDGE('',*,*,#1644,.F.);
#836=ORIENTED_EDGE('',*,*,#1612,.T.);
#837=ORIENTED_EDGE('',*,*,#1680,.T.);
#838=ORIENTED_EDGE('',*,*,#1681,.T.);
#839=ORIENTED_EDGE('',*,*,#1681,.F.);
#840=ORIENTED_EDGE('',*,*,#1682,.T.);
#841=ORIENTED_EDGE('',*,*,#1683,.T.);
#842=ORIENTED_EDGE('',*,*,#1684,.F.);
#843=ORIENTED_EDGE('',*,*,#1685,.F.);
#844=ORIENTED_EDGE('',*,*,#1686,.T.);
#845=ORIENTED_EDGE('',*,*,#1687,.T.);
#846=ORIENTED_EDGE('',*,*,#1616,.F.);
#847=ORIENTED_EDGE('',*,*,#1688,.T.);
#848=ORIENTED_EDGE('',*,*,#1689,.T.);
#849=ORIENTED_EDGE('',*,*,#1690,.T.);
#850=ORIENTED_EDGE('',*,*,#1653,.T.);
#851=ORIENTED_EDGE('',*,*,#1691,.F.);
#852=ORIENTED_EDGE('',*,*,#1692,.T.);
#853=ORIENTED_EDGE('',*,*,#1693,.F.);
#854=ORIENTED_EDGE('',*,*,#1626,.F.);
#855=ORIENTED_EDGE('',*,*,#1694,.F.);
#856=ORIENTED_EDGE('',*,*,#1695,.T.);
#857=ORIENTED_EDGE('',*,*,#1676,.T.);
#858=ORIENTED_EDGE('',*,*,#1696,.T.);
#859=ORIENTED_EDGE('',*,*,#1688,.F.);
#860=ORIENTED_EDGE('',*,*,#1615,.F.);
#861=ORIENTED_EDGE('',*,*,#1647,.F.);
#862=ORIENTED_EDGE('',*,*,#1697,.T.);
#863=ORIENTED_EDGE('',*,*,#1698,.T.);
#864=ORIENTED_EDGE('',*,*,#1699,.F.);
#865=ORIENTED_EDGE('',*,*,#1629,.T.);
#866=ORIENTED_EDGE('',*,*,#1700,.F.);
#867=ORIENTED_EDGE('',*,*,#1701,.F.);
#868=ORIENTED_EDGE('',*,*,#1683,.F.);
#869=ORIENTED_EDGE('',*,*,#1702,.T.);
#870=ORIENTED_EDGE('',*,*,#1621,.T.);
#871=ORIENTED_EDGE('',*,*,#1699,.T.);
#872=ORIENTED_EDGE('',*,*,#1662,.T.);
#873=ORIENTED_EDGE('',*,*,#1677,.F.);
#874=ORIENTED_EDGE('',*,*,#1639,.F.);
#875=ORIENTED_EDGE('',*,*,#1703,.T.);
#876=ORIENTED_EDGE('',*,*,#1663,.T.);
#877=ORIENTED_EDGE('',*,*,#1703,.F.);
#878=ORIENTED_EDGE('',*,*,#1638,.F.);
#879=ORIENTED_EDGE('',*,*,#1704,.T.);
#880=ORIENTED_EDGE('',*,*,#1705,.T.);
#881=ORIENTED_EDGE('',*,*,#1706,.T.);
#882=ORIENTED_EDGE('',*,*,#1707,.T.);
#883=ORIENTED_EDGE('',*,*,#1708,.F.);
#884=ORIENTED_EDGE('',*,*,#1709,.F.);
#885=ORIENTED_EDGE('',*,*,#1710,.T.);
#886=ORIENTED_EDGE('',*,*,#1711,.T.);
#887=ORIENTED_EDGE('',*,*,#1712,.T.);
#888=ORIENTED_EDGE('',*,*,#1650,.F.);
#889=ORIENTED_EDGE('',*,*,#1713,.T.);
#890=ORIENTED_EDGE('',*,*,#1664,.T.);
#891=ORIENTED_EDGE('',*,*,#1713,.F.);
#892=ORIENTED_EDGE('',*,*,#1649,.F.);
#893=ORIENTED_EDGE('',*,*,#1714,.T.);
#894=ORIENTED_EDGE('',*,*,#1715,.T.);
#895=ORIENTED_EDGE('',*,*,#1716,.T.);
#896=ORIENTED_EDGE('',*,*,#1665,.T.);
#897=ORIENTED_EDGE('',*,*,#1714,.F.);
#898=ORIENTED_EDGE('',*,*,#1648,.F.);
#899=ORIENTED_EDGE('',*,*,#1700,.T.);
#900=ORIENTED_EDGE('',*,*,#1628,.F.);
#901=ORIENTED_EDGE('',*,*,#1717,.T.);
#902=ORIENTED_EDGE('',*,*,#1718,.T.);
#903=ORIENTED_EDGE('',*,*,#1719,.T.);
#904=ORIENTED_EDGE('',*,*,#1669,.T.);
#905=ORIENTED_EDGE('',*,*,#1720,.F.);
#906=ORIENTED_EDGE('',*,*,#1693,.T.);
#907=ORIENTED_EDGE('',*,*,#1721,.T.);
#908=ORIENTED_EDGE('',*,*,#1717,.F.);
#909=ORIENTED_EDGE('',*,*,#1627,.F.);
#910=ORIENTED_EDGE('',*,*,#1684,.T.);
#911=ORIENTED_EDGE('',*,*,#1701,.T.);
#912=ORIENTED_EDGE('',*,*,#1698,.F.);
#913=ORIENTED_EDGE('',*,*,#1722,.T.);
#914=ORIENTED_EDGE('',*,*,#1723,.F.);
#915=ORIENTED_EDGE('',*,*,#1724,.F.);
#916=ORIENTED_EDGE('',*,*,#1725,.T.);
#917=ORIENTED_EDGE('',*,*,#1726,.T.);
#918=ORIENTED_EDGE('',*,*,#1641,.F.);
#919=ORIENTED_EDGE('',*,*,#1679,.T.);
#920=ORIENTED_EDGE('',*,*,#1668,.F.);
#921=ORIENTED_EDGE('',*,*,#1727,.F.);
#922=ORIENTED_EDGE('',*,*,#1728,.T.);
#923=ORIENTED_EDGE('',*,*,#1720,.T.);
#924=ORIENTED_EDGE('',*,*,#1667,.T.);
#925=ORIENTED_EDGE('',*,*,#1729,.F.);
#926=ORIENTED_EDGE('',*,*,#1730,.F.);
#927=ORIENTED_EDGE('',*,*,#1727,.T.);
#928=ORIENTED_EDGE('',*,*,#1666,.T.);
#929=ORIENTED_EDGE('',*,*,#1716,.F.);
#930=ORIENTED_EDGE('',*,*,#1731,.F.);
#931=ORIENTED_EDGE('',*,*,#1729,.T.);
#932=ORIENTED_EDGE('',*,*,#1659,.T.);
#933=ORIENTED_EDGE('',*,*,#1732,.F.);
#934=ORIENTED_EDGE('',*,*,#1733,.F.);
#935=ORIENTED_EDGE('',*,*,#1734,.T.);
#936=ORIENTED_EDGE('',*,*,#1658,.T.);
#937=ORIENTED_EDGE('',*,*,#1673,.F.);
#938=ORIENTED_EDGE('',*,*,#1735,.F.);
#939=ORIENTED_EDGE('',*,*,#1732,.T.);
#940=ORIENTED_EDGE('',*,*,#1660,.F.);
#941=ORIENTED_EDGE('',*,*,#1734,.F.);
#942=ORIENTED_EDGE('',*,*,#1736,.T.);
#943=ORIENTED_EDGE('',*,*,#1678,.T.);
#944=ORIENTED_EDGE('',*,*,#1652,.F.);
#945=ORIENTED_EDGE('',*,*,#1737,.F.);
#946=ORIENTED_EDGE('',*,*,#1738,.T.);
#947=ORIENTED_EDGE('',*,*,#1691,.T.);
#948=ORIENTED_EDGE('',*,*,#1671,.T.);
#949=ORIENTED_EDGE('',*,*,#1739,.F.);
#950=ORIENTED_EDGE('',*,*,#1740,.F.);
#951=ORIENTED_EDGE('',*,*,#1737,.T.);
#952=ORIENTED_EDGE('',*,*,#1670,.T.);
#953=ORIENTED_EDGE('',*,*,#1719,.F.);
#954=ORIENTED_EDGE('',*,*,#1741,.F.);
#955=ORIENTED_EDGE('',*,*,#1739,.T.);
#956=ORIENTED_EDGE('',*,*,#1692,.F.);
#957=ORIENTED_EDGE('',*,*,#1738,.F.);
#958=ORIENTED_EDGE('',*,*,#1740,.T.);
#959=ORIENTED_EDGE('',*,*,#1741,.T.);
#960=ORIENTED_EDGE('',*,*,#1718,.F.);
#961=ORIENTED_EDGE('',*,*,#1721,.F.);
#962=ORIENTED_EDGE('',*,*,#1742,.F.);
#963=ORIENTED_EDGE('',*,*,#1656,.F.);
#964=ORIENTED_EDGE('',*,*,#1743,.F.);
#965=ORIENTED_EDGE('',*,*,#1744,.T.);
#966=ORIENTED_EDGE('',*,*,#1674,.T.);
#967=ORIENTED_EDGE('',*,*,#1655,.T.);
#968=ORIENTED_EDGE('',*,*,#1745,.F.);
#969=ORIENTED_EDGE('',*,*,#1746,.F.);
#970=ORIENTED_EDGE('',*,*,#1743,.T.);
#971=ORIENTED_EDGE('',*,*,#1654,.T.);
#972=ORIENTED_EDGE('',*,*,#1690,.F.);
#973=ORIENTED_EDGE('',*,*,#1747,.F.);
#974=ORIENTED_EDGE('',*,*,#1745,.T.);
#975=ORIENTED_EDGE('',*,*,#1689,.F.);
#976=ORIENTED_EDGE('',*,*,#1696,.F.);
#977=ORIENTED_EDGE('',*,*,#1675,.F.);
#978=ORIENTED_EDGE('',*,*,#1744,.F.);
#979=ORIENTED_EDGE('',*,*,#1746,.T.);
#980=ORIENTED_EDGE('',*,*,#1747,.T.);
#981=ORIENTED_EDGE('',*,*,#1748,.F.);
#982=ORIENTED_EDGE('',*,*,#1748,.T.);
#983=ORIENTED_EDGE('',*,*,#1610,.F.);
#984=ORIENTED_EDGE('',*,*,#1742,.T.);
#985=ORIENTED_EDGE('',*,*,#1620,.F.);
#986=ORIENTED_EDGE('',*,*,#1709,.T.);
#987=ORIENTED_EDGE('',*,*,#1749,.F.);
#988=ORIENTED_EDGE('',*,*,#1750,.F.);
#989=ORIENTED_EDGE('',*,*,#1751,.T.);
#990=ORIENTED_EDGE('',*,*,#1710,.F.);
#991=ORIENTED_EDGE('',*,*,#1751,.F.);
#992=ORIENTED_EDGE('',*,*,#1752,.T.);
#993=ORIENTED_EDGE('',*,*,#1753,.T.);
#994=ORIENTED_EDGE('',*,*,#1711,.F.);
#995=ORIENTED_EDGE('',*,*,#1753,.F.);
#996=ORIENTED_EDGE('',*,*,#1754,.T.);
#997=ORIENTED_EDGE('',*,*,#1755,.T.);
#998=ORIENTED_EDGE('',*,*,#1712,.F.);
#999=ORIENTED_EDGE('',*,*,#1755,.F.);
#1000=ORIENTED_EDGE('',*,*,#1756,.T.);
#1001=ORIENTED_EDGE('',*,*,#1651,.T.);
#1002=ORIENTED_EDGE('',*,*,#1704,.F.);
#1003=ORIENTED_EDGE('',*,*,#1637,.F.);
#1004=ORIENTED_EDGE('',*,*,#1757,.T.);
#1005=ORIENTED_EDGE('',*,*,#1758,.T.);
#1006=ORIENTED_EDGE('',*,*,#1705,.F.);
#1007=ORIENTED_EDGE('',*,*,#1758,.F.);
#1008=ORIENTED_EDGE('',*,*,#1759,.T.);
#1009=ORIENTED_EDGE('',*,*,#1760,.T.);
#1010=ORIENTED_EDGE('',*,*,#1706,.F.);
#1011=ORIENTED_EDGE('',*,*,#1760,.F.);
#1012=ORIENTED_EDGE('',*,*,#1761,.T.);
#1013=ORIENTED_EDGE('',*,*,#1762,.T.);
#1014=ORIENTED_EDGE('',*,*,#1707,.F.);
#1015=ORIENTED_EDGE('',*,*,#1762,.F.);
#1016=ORIENTED_EDGE('',*,*,#1763,.T.);
#1017=ORIENTED_EDGE('',*,*,#1764,.T.);
#1018=ORIENTED_EDGE('',*,*,#1708,.T.);
#1019=ORIENTED_EDGE('',*,*,#1764,.F.);
#1020=ORIENTED_EDGE('',*,*,#1765,.F.);
#1021=ORIENTED_EDGE('',*,*,#1749,.T.);
#1022=ORIENTED_EDGE('',*,*,#1750,.T.);
#1023=ORIENTED_EDGE('',*,*,#1765,.T.);
#1024=ORIENTED_EDGE('',*,*,#1763,.F.);
#1025=ORIENTED_EDGE('',*,*,#1761,.F.);
#1026=ORIENTED_EDGE('',*,*,#1759,.F.);
#1027=ORIENTED_EDGE('',*,*,#1757,.F.);
#1028=ORIENTED_EDGE('',*,*,#1766,.T.);
#1029=ORIENTED_EDGE('',*,*,#1724,.T.);
#1030=ORIENTED_EDGE('',*,*,#1767,.F.);
#1031=ORIENTED_EDGE('',*,*,#1756,.F.);
#1032=ORIENTED_EDGE('',*,*,#1754,.F.);
#1033=ORIENTED_EDGE('',*,*,#1752,.F.);
#1034=ORIENTED_EDGE('',*,*,#1723,.T.);
#1035=ORIENTED_EDGE('',*,*,#1768,.T.);
#1036=ORIENTED_EDGE('',*,*,#1645,.F.);
#1037=ORIENTED_EDGE('',*,*,#1767,.T.);
#1038=ORIENTED_EDGE('',*,*,#1636,.T.);
#1039=ORIENTED_EDGE('',*,*,#1769,.T.);
#1040=ORIENTED_EDGE('',*,*,#1725,.F.);
#1041=ORIENTED_EDGE('',*,*,#1766,.F.);
#1042=ORIENTED_EDGE('',*,*,#1635,.F.);
#1043=ORIENTED_EDGE('',*,*,#1642,.F.);
#1044=ORIENTED_EDGE('',*,*,#1726,.F.);
#1045=ORIENTED_EDGE('',*,*,#1769,.F.);
#1046=ORIENTED_EDGE('',*,*,#1646,.F.);
#1047=ORIENTED_EDGE('',*,*,#1768,.F.);
#1048=ORIENTED_EDGE('',*,*,#1722,.F.);
#1049=ORIENTED_EDGE('',*,*,#1697,.F.);
#1050=ORIENTED_EDGE('',*,*,#1715,.F.);
#1051=ORIENTED_EDGE('',*,*,#1728,.F.);
#1052=ORIENTED_EDGE('',*,*,#1730,.T.);
#1053=ORIENTED_EDGE('',*,*,#1731,.T.);
#1054=ORIENTED_EDGE('',*,*,#1633,.F.);
#1055=ORIENTED_EDGE('',*,*,#1631,.F.);
#1056=ORIENTED_EDGE('',*,*,#1733,.T.);
#1057=ORIENTED_EDGE('',*,*,#1735,.T.);
#1058=ORIENTED_EDGE('',*,*,#1672,.F.);
#1059=ORIENTED_EDGE('',*,*,#1736,.F.);
#1060=ORIENTED_EDGE('',*,*,#1770,.T.);
#1061=ORIENTED_EDGE('',*,*,#1771,.T.);
#1062=ORIENTED_EDGE('',*,*,#1694,.T.);
#1063=ORIENTED_EDGE('',*,*,#1625,.T.);
#1064=ORIENTED_EDGE('',*,*,#1772,.F.);
#1065=ORIENTED_EDGE('',*,*,#1773,.F.);
#1066=ORIENTED_EDGE('',*,*,#1774,.T.);
#1067=ORIENTED_EDGE('',*,*,#1772,.T.);
#1068=ORIENTED_EDGE('',*,*,#1624,.T.);
#1069=ORIENTED_EDGE('',*,*,#1623,.T.);
#1070=ORIENTED_EDGE('',*,*,#1775,.T.);
#1071=ORIENTED_EDGE('',*,*,#1773,.T.);
#1072=ORIENTED_EDGE('',*,*,#1776,.F.);
#1073=ORIENTED_EDGE('',*,*,#1777,.T.);
#1074=ORIENTED_EDGE('',*,*,#1619,.T.);
#1075=ORIENTED_EDGE('',*,*,#1778,.F.);
#1076=ORIENTED_EDGE('',*,*,#1779,.T.);
#1077=ORIENTED_EDGE('',*,*,#1776,.T.);
#1078=ORIENTED_EDGE('',*,*,#1618,.T.);
#1079=ORIENTED_EDGE('',*,*,#1687,.F.);
#1080=ORIENTED_EDGE('',*,*,#1780,.T.);
#1081=ORIENTED_EDGE('',*,*,#1781,.T.);
#1082=ORIENTED_EDGE('',*,*,#1778,.T.);
#1083=ORIENTED_EDGE('',*,*,#1617,.T.);
#1084=ORIENTED_EDGE('',*,*,#1781,.F.);
#1085=ORIENTED_EDGE('',*,*,#1782,.T.);
#1086=ORIENTED_EDGE('',*,*,#1783,.F.);
#1087=ORIENTED_EDGE('',*,*,#1784,.T.);
#1088=ORIENTED_EDGE('',*,*,#1770,.F.);
#1089=ORIENTED_EDGE('',*,*,#1774,.F.);
#1090=ORIENTED_EDGE('',*,*,#1775,.F.);
#1091=ORIENTED_EDGE('',*,*,#1622,.F.);
#1092=ORIENTED_EDGE('',*,*,#1702,.F.);
#1093=ORIENTED_EDGE('',*,*,#1682,.F.);
#1094=ORIENTED_EDGE('',*,*,#1680,.F.);
#1095=ORIENTED_EDGE('',*,*,#1611,.F.);
#1096=ORIENTED_EDGE('',*,*,#1777,.F.);
#1097=ORIENTED_EDGE('',*,*,#1779,.F.);
#1098=ORIENTED_EDGE('',*,*,#1783,.T.);
#1099=ORIENTED_EDGE('',*,*,#1785,.T.);
#1100=ORIENTED_EDGE('',*,*,#1786,.F.);
#1101=ORIENTED_EDGE('',*,*,#1787,.T.);
#1102=ORIENTED_EDGE('',*,*,#1786,.T.);
#1103=ORIENTED_EDGE('',*,*,#1788,.T.);
#1104=ORIENTED_EDGE('',*,*,#1685,.T.);
#1105=ORIENTED_EDGE('',*,*,#1789,.T.);
#1106=ORIENTED_EDGE('',*,*,#1782,.F.);
#1107=ORIENTED_EDGE('',*,*,#1780,.F.);
#1108=ORIENTED_EDGE('',*,*,#1686,.F.);
#1109=ORIENTED_EDGE('',*,*,#1788,.F.);
#1110=ORIENTED_EDGE('',*,*,#1785,.F.);
#1111=ORIENTED_EDGE('',*,*,#1695,.F.);
#1112=ORIENTED_EDGE('',*,*,#1771,.F.);
#1113=ORIENTED_EDGE('',*,*,#1784,.F.);
#1114=ORIENTED_EDGE('',*,*,#1787,.F.);
#1115=ORIENTED_EDGE('',*,*,#1789,.F.);
#1116=ORIENTED_EDGE('',*,*,#1790,.F.);
#1117=ORIENTED_EDGE('',*,*,#1791,.T.);
#1118=ORIENTED_EDGE('',*,*,#1792,.T.);
#1119=ORIENTED_EDGE('',*,*,#1793,.T.);
#1120=ORIENTED_EDGE('',*,*,#1794,.T.);
#1121=ORIENTED_EDGE('',*,*,#1795,.T.);
#1122=ORIENTED_EDGE('',*,*,#1796,.F.);
#1123=ORIENTED_EDGE('',*,*,#1797,.T.);
#1124=ORIENTED_EDGE('',*,*,#1798,.F.);
#1125=ORIENTED_EDGE('',*,*,#1799,.F.);
#1126=ORIENTED_EDGE('',*,*,#1800,.T.);
#1127=ORIENTED_EDGE('',*,*,#1801,.T.);
#1128=ORIENTED_EDGE('',*,*,#1802,.T.);
#1129=ORIENTED_EDGE('',*,*,#1803,.T.);
#1130=ORIENTED_EDGE('',*,*,#1804,.F.);
#1131=ORIENTED_EDGE('',*,*,#1805,.T.);
#1132=ORIENTED_EDGE('',*,*,#1806,.T.);
#1133=ORIENTED_EDGE('',*,*,#1807,.T.);
#1134=ORIENTED_EDGE('',*,*,#1808,.F.);
#1135=ORIENTED_EDGE('',*,*,#1809,.F.);
#1136=ORIENTED_EDGE('',*,*,#1810,.T.);
#1137=ORIENTED_EDGE('',*,*,#1811,.T.);
#1138=ORIENTED_EDGE('',*,*,#1812,.T.);
#1139=ORIENTED_EDGE('',*,*,#1813,.F.);
#1140=ORIENTED_EDGE('',*,*,#1814,.F.);
#1141=ORIENTED_EDGE('',*,*,#1815,.T.);
#1142=ORIENTED_EDGE('',*,*,#1816,.T.);
#1143=ORIENTED_EDGE('',*,*,#1817,.F.);
#1144=ORIENTED_EDGE('',*,*,#1818,.F.);
#1145=ORIENTED_EDGE('',*,*,#1819,.F.);
#1146=ORIENTED_EDGE('',*,*,#1820,.T.);
#1147=ORIENTED_EDGE('',*,*,#1821,.T.);
#1148=ORIENTED_EDGE('',*,*,#1822,.T.);
#1149=ORIENTED_EDGE('',*,*,#1817,.T.);
#1150=ORIENTED_EDGE('',*,*,#1823,.F.);
#1151=ORIENTED_EDGE('',*,*,#1824,.F.);
#1152=ORIENTED_EDGE('',*,*,#1825,.F.);
#1153=ORIENTED_EDGE('',*,*,#1826,.T.);
#1154=ORIENTED_EDGE('',*,*,#1801,.F.);
#1155=ORIENTED_EDGE('',*,*,#1827,.F.);
#1156=ORIENTED_EDGE('',*,*,#1828,.T.);
#1157=ORIENTED_EDGE('',*,*,#1829,.T.);
#1158=ORIENTED_EDGE('',*,*,#1830,.T.);
#1159=ORIENTED_EDGE('',*,*,#1831,.T.);
#1160=ORIENTED_EDGE('',*,*,#1832,.T.);
#1161=ORIENTED_EDGE('',*,*,#1833,.T.);
#1162=ORIENTED_EDGE('',*,*,#1834,.F.);
#1163=ORIENTED_EDGE('',*,*,#1835,.T.);
#1164=ORIENTED_EDGE('',*,*,#1836,.F.);
#1165=ORIENTED_EDGE('',*,*,#1835,.F.);
#1166=ORIENTED_EDGE('',*,*,#1837,.F.);
#1167=ORIENTED_EDGE('',*,*,#1828,.F.);
#1168=ORIENTED_EDGE('',*,*,#1838,.F.);
#1169=ORIENTED_EDGE('',*,*,#1826,.F.);
#1170=ORIENTED_EDGE('',*,*,#1839,.F.);
#1171=ORIENTED_EDGE('',*,*,#1820,.F.);
#1172=ORIENTED_EDGE('',*,*,#1840,.F.);
#1173=ORIENTED_EDGE('',*,*,#1841,.T.);
#1174=ORIENTED_EDGE('',*,*,#1842,.T.);
#1175=ORIENTED_EDGE('',*,*,#1843,.F.);
#1176=ORIENTED_EDGE('',*,*,#1844,.T.);
#1177=ORIENTED_EDGE('',*,*,#1845,.F.);
#1178=ORIENTED_EDGE('',*,*,#1846,.F.);
#1179=ORIENTED_EDGE('',*,*,#1847,.F.);
#1180=ORIENTED_EDGE('',*,*,#1848,.T.);
#1181=ORIENTED_EDGE('',*,*,#1849,.T.);
#1182=ORIENTED_EDGE('',*,*,#1850,.T.);
#1183=ORIENTED_EDGE('',*,*,#1851,.F.);
#1184=ORIENTED_EDGE('',*,*,#1852,.F.);
#1185=ORIENTED_EDGE('',*,*,#1853,.T.);
#1186=ORIENTED_EDGE('',*,*,#1854,.F.);
#1187=ORIENTED_EDGE('',*,*,#1855,.T.);
#1188=ORIENTED_EDGE('',*,*,#1856,.T.);
#1189=ORIENTED_EDGE('',*,*,#1855,.F.);
#1190=ORIENTED_EDGE('',*,*,#1857,.F.);
#1191=ORIENTED_EDGE('',*,*,#1846,.T.);
#1192=ORIENTED_EDGE('',*,*,#1858,.T.);
#1193=ORIENTED_EDGE('',*,*,#1859,.T.);
#1194=ORIENTED_EDGE('',*,*,#1860,.T.);
#1195=ORIENTED_EDGE('',*,*,#1805,.F.);
#1196=ORIENTED_EDGE('',*,*,#1861,.T.);
#1197=ORIENTED_EDGE('',*,*,#1862,.T.);
#1198=ORIENTED_EDGE('',*,*,#1863,.T.);
#1199=ORIENTED_EDGE('',*,*,#1864,.T.);
#1200=ORIENTED_EDGE('',*,*,#1865,.T.);
#1201=ORIENTED_EDGE('',*,*,#1866,.T.);
#1202=ORIENTED_EDGE('',*,*,#1867,.T.);
#1203=ORIENTED_EDGE('',*,*,#1868,.F.);
#1204=ORIENTED_EDGE('',*,*,#1869,.T.);
#1205=ORIENTED_EDGE('',*,*,#1870,.F.);
#1206=ORIENTED_EDGE('',*,*,#1871,.F.);
#1207=ORIENTED_EDGE('',*,*,#1813,.T.);
#1208=ORIENTED_EDGE('',*,*,#1872,.T.);
#1209=ORIENTED_EDGE('',*,*,#1873,.T.);
#1210=ORIENTED_EDGE('',*,*,#1790,.T.);
#1211=ORIENTED_EDGE('',*,*,#1874,.T.);
#1212=ORIENTED_EDGE('',*,*,#1875,.T.);
#1213=ORIENTED_EDGE('',*,*,#1876,.F.);
#1214=ORIENTED_EDGE('',*,*,#1877,.F.);
#1215=ORIENTED_EDGE('',*,*,#1878,.T.);
#1216=ORIENTED_EDGE('',*,*,#1879,.F.);
#1217=ORIENTED_EDGE('',*,*,#1880,.T.);
#1218=ORIENTED_EDGE('',*,*,#1881,.F.);
#1219=ORIENTED_EDGE('',*,*,#1882,.T.);
#1220=ORIENTED_EDGE('',*,*,#1883,.T.);
#1221=ORIENTED_EDGE('',*,*,#1884,.F.);
#1222=ORIENTED_EDGE('',*,*,#1885,.T.);
#1223=ORIENTED_EDGE('',*,*,#1792,.F.);
#1224=ORIENTED_EDGE('',*,*,#1876,.T.);
#1225=ORIENTED_EDGE('',*,*,#1886,.T.);
#1226=ORIENTED_EDGE('',*,*,#1861,.F.);
#1227=ORIENTED_EDGE('',*,*,#1804,.T.);
#1228=ORIENTED_EDGE('',*,*,#1887,.F.);
#1229=ORIENTED_EDGE('',*,*,#1888,.F.);
#1230=ORIENTED_EDGE('',*,*,#1854,.T.);
#1231=ORIENTED_EDGE('',*,*,#1889,.T.);
#1232=ORIENTED_EDGE('',*,*,#1878,.F.);
#1233=ORIENTED_EDGE('',*,*,#1890,.T.);
#1234=ORIENTED_EDGE('',*,*,#1881,.T.);
#1235=ORIENTED_EDGE('',*,*,#1891,.T.);
#1236=ORIENTED_EDGE('',*,*,#1847,.T.);
#1237=ORIENTED_EDGE('',*,*,#1857,.T.);
#1238=ORIENTED_EDGE('',*,*,#1892,.T.);
#1239=ORIENTED_EDGE('',*,*,#1893,.T.);
#1240=ORIENTED_EDGE('',*,*,#1844,.F.);
#1241=ORIENTED_EDGE('',*,*,#1894,.F.);
#1242=ORIENTED_EDGE('',*,*,#1851,.T.);
#1243=ORIENTED_EDGE('',*,*,#1895,.T.);
#1244=ORIENTED_EDGE('',*,*,#1896,.F.);
#1245=ORIENTED_EDGE('',*,*,#1897,.F.);
#1246=ORIENTED_EDGE('',*,*,#1898,.F.);
#1247=ORIENTED_EDGE('',*,*,#1818,.T.);
#1248=ORIENTED_EDGE('',*,*,#1899,.F.);
#1249=ORIENTED_EDGE('',*,*,#1824,.T.);
#1250=ORIENTED_EDGE('',*,*,#1900,.F.);
#1251=ORIENTED_EDGE('',*,*,#1901,.F.);
#1252=ORIENTED_EDGE('',*,*,#1902,.F.);
#1253=ORIENTED_EDGE('',*,*,#1882,.F.);
#1254=ORIENTED_EDGE('',*,*,#1890,.F.);
#1255=ORIENTED_EDGE('',*,*,#1877,.T.);
#1256=ORIENTED_EDGE('',*,*,#1888,.T.);
#1257=ORIENTED_EDGE('',*,*,#1903,.F.);
#1258=ORIENTED_EDGE('',*,*,#1904,.F.);
#1259=ORIENTED_EDGE('',*,*,#1830,.F.);
#1260=ORIENTED_EDGE('',*,*,#1905,.F.);
#1261=ORIENTED_EDGE('',*,*,#1833,.F.);
#1262=ORIENTED_EDGE('',*,*,#1900,.T.);
#1263=ORIENTED_EDGE('',*,*,#1823,.T.);
#1264=ORIENTED_EDGE('',*,*,#1816,.F.);
#1265=ORIENTED_EDGE('',*,*,#1906,.F.);
#1266=ORIENTED_EDGE('',*,*,#1907,.F.);
#1267=ORIENTED_EDGE('',*,*,#1883,.F.);
#1268=ORIENTED_EDGE('',*,*,#1902,.T.);
#1269=ORIENTED_EDGE('',*,*,#1908,.T.);
#1270=ORIENTED_EDGE('',*,*,#1814,.T.);
#1271=ORIENTED_EDGE('',*,*,#1871,.T.);
#1272=ORIENTED_EDGE('',*,*,#1909,.F.);
#1273=ORIENTED_EDGE('',*,*,#1910,.F.);
#1274=ORIENTED_EDGE('',*,*,#1911,.T.);
#1275=ORIENTED_EDGE('',*,*,#1912,.T.);
#1276=ORIENTED_EDGE('',*,*,#1913,.T.);
#1277=ORIENTED_EDGE('',*,*,#1914,.F.);
#1278=ORIENTED_EDGE('',*,*,#1915,.T.);
#1279=ORIENTED_EDGE('',*,*,#1811,.F.);
#1280=ORIENTED_EDGE('',*,*,#1916,.F.);
#1281=ORIENTED_EDGE('',*,*,#1917,.F.);
#1282=ORIENTED_EDGE('',*,*,#1918,.F.);
#1283=ORIENTED_EDGE('',*,*,#1919,.T.);
#1284=ORIENTED_EDGE('',*,*,#1920,.T.);
#1285=ORIENTED_EDGE('',*,*,#1921,.F.);
#1286=ORIENTED_EDGE('',*,*,#1912,.F.);
#1287=ORIENTED_EDGE('',*,*,#1922,.T.);
#1288=ORIENTED_EDGE('',*,*,#1923,.T.);
#1289=ORIENTED_EDGE('',*,*,#1807,.F.);
#1290=ORIENTED_EDGE('',*,*,#1924,.T.);
#1291=ORIENTED_EDGE('',*,*,#1925,.T.);
#1292=ORIENTED_EDGE('',*,*,#1926,.T.);
#1293=ORIENTED_EDGE('',*,*,#1927,.T.);
#1294=ORIENTED_EDGE('',*,*,#1928,.F.);
#1295=ORIENTED_EDGE('',*,*,#1929,.F.);
#1296=ORIENTED_EDGE('',*,*,#1930,.T.);
#1297=ORIENTED_EDGE('',*,*,#1931,.T.);
#1298=ORIENTED_EDGE('',*,*,#1932,.F.);
#1299=ORIENTED_EDGE('',*,*,#1933,.T.);
#1300=ORIENTED_EDGE('',*,*,#1934,.F.);
#1301=ORIENTED_EDGE('',*,*,#1935,.T.);
#1302=ORIENTED_EDGE('',*,*,#1936,.F.);
#1303=ORIENTED_EDGE('',*,*,#1842,.F.);
#1304=ORIENTED_EDGE('',*,*,#1937,.T.);
#1305=ORIENTED_EDGE('',*,*,#1938,.F.);
#1306=ORIENTED_EDGE('',*,*,#1939,.T.);
#1307=ORIENTED_EDGE('',*,*,#1940,.T.);
#1308=ORIENTED_EDGE('',*,*,#1941,.F.);
#1309=ORIENTED_EDGE('',*,*,#1942,.T.);
#1310=ORIENTED_EDGE('',*,*,#1943,.F.);
#1311=ORIENTED_EDGE('',*,*,#1944,.T.);
#1312=ORIENTED_EDGE('',*,*,#1945,.T.);
#1313=ORIENTED_EDGE('',*,*,#1946,.T.);
#1314=ORIENTED_EDGE('',*,*,#1947,.T.);
#1315=ORIENTED_EDGE('',*,*,#1948,.T.);
#1316=ORIENTED_EDGE('',*,*,#1949,.F.);
#1317=ORIENTED_EDGE('',*,*,#1950,.T.);
#1318=ORIENTED_EDGE('',*,*,#1951,.F.);
#1319=ORIENTED_EDGE('',*,*,#1952,.T.);
#1320=ORIENTED_EDGE('',*,*,#1953,.T.);
#1321=ORIENTED_EDGE('',*,*,#1954,.T.);
#1322=ORIENTED_EDGE('',*,*,#1955,.T.);
#1323=ORIENTED_EDGE('',*,*,#1956,.F.);
#1324=ORIENTED_EDGE('',*,*,#1957,.T.);
#1325=ORIENTED_EDGE('',*,*,#1958,.T.);
#1326=ORIENTED_EDGE('',*,*,#1794,.F.);
#1327=ORIENTED_EDGE('',*,*,#1959,.T.);
#1328=ORIENTED_EDGE('',*,*,#1960,.T.);
#1329=ORIENTED_EDGE('',*,*,#1961,.T.);
#1330=ORIENTED_EDGE('',*,*,#1928,.T.);
#1331=ORIENTED_EDGE('',*,*,#1841,.F.);
#1332=ORIENTED_EDGE('',*,*,#1962,.T.);
#1333=ORIENTED_EDGE('',*,*,#1963,.T.);
#1334=ORIENTED_EDGE('',*,*,#1964,.T.);
#1335=ORIENTED_EDGE('',*,*,#1965,.T.);
#1336=ORIENTED_EDGE('',*,*,#1843,.T.);
#1337=ORIENTED_EDGE('',*,*,#1936,.T.);
#1338=ORIENTED_EDGE('',*,*,#1966,.F.);
#1339=ORIENTED_EDGE('',*,*,#1967,.T.);
#1340=ORIENTED_EDGE('',*,*,#1968,.T.);
#1341=ORIENTED_EDGE('',*,*,#1796,.T.);
#1342=ORIENTED_EDGE('',*,*,#1969,.T.);
#1343=ORIENTED_EDGE('',*,*,#1970,.T.);
#1344=ORIENTED_EDGE('',*,*,#1932,.T.);
#1345=ORIENTED_EDGE('',*,*,#1971,.T.);
#1346=ORIENTED_EDGE('',*,*,#1868,.T.);
#1347=ORIENTED_EDGE('',*,*,#1972,.T.);
#1348=ORIENTED_EDGE('',*,*,#1943,.T.);
#1349=ORIENTED_EDGE('',*,*,#1973,.T.);
#1350=ORIENTED_EDGE('',*,*,#1940,.F.);
#1351=ORIENTED_EDGE('',*,*,#1974,.T.);
#1352=ORIENTED_EDGE('',*,*,#1927,.F.);
#1353=ORIENTED_EDGE('',*,*,#1975,.T.);
#1354=ORIENTED_EDGE('',*,*,#1951,.T.);
#1355=ORIENTED_EDGE('',*,*,#1976,.T.);
#1356=ORIENTED_EDGE('',*,*,#1947,.F.);
#1357=ORIENTED_EDGE('',*,*,#1977,.T.);
#1358=ORIENTED_EDGE('',*,*,#1864,.F.);
#1359=ORIENTED_EDGE('',*,*,#1978,.T.);
#1360=ORIENTED_EDGE('',*,*,#1941,.T.);
#1361=ORIENTED_EDGE('',*,*,#1955,.F.);
#1362=ORIENTED_EDGE('',*,*,#1922,.F.);
#1363=ORIENTED_EDGE('',*,*,#1911,.F.);
#1364=ORIENTED_EDGE('',*,*,#1979,.T.);
#1365=ORIENTED_EDGE('',*,*,#1980,.T.);
#1366=ORIENTED_EDGE('',*,*,#1923,.F.);
#1367=ORIENTED_EDGE('',*,*,#1980,.F.);
#1368=ORIENTED_EDGE('',*,*,#1981,.T.);
#1369=ORIENTED_EDGE('',*,*,#1799,.T.);
#1370=ORIENTED_EDGE('',*,*,#1917,.T.);
#1371=ORIENTED_EDGE('',*,*,#1982,.F.);
#1372=ORIENTED_EDGE('',*,*,#1983,.F.);
#1373=ORIENTED_EDGE('',*,*,#1984,.T.);
#1374=ORIENTED_EDGE('',*,*,#1916,.T.);
#1375=ORIENTED_EDGE('',*,*,#1810,.F.);
#1376=ORIENTED_EDGE('',*,*,#1985,.F.);
#1377=ORIENTED_EDGE('',*,*,#1982,.T.);
#1378=ORIENTED_EDGE('',*,*,#1984,.F.);
#1379=ORIENTED_EDGE('',*,*,#1986,.F.);
#1380=ORIENTED_EDGE('',*,*,#1987,.T.);
#1381=ORIENTED_EDGE('',*,*,#1918,.T.);
#1382=ORIENTED_EDGE('',*,*,#1921,.T.);
#1383=ORIENTED_EDGE('',*,*,#1988,.F.);
#1384=ORIENTED_EDGE('',*,*,#1989,.F.);
#1385=ORIENTED_EDGE('',*,*,#1909,.T.);
#1386=ORIENTED_EDGE('',*,*,#1920,.F.);
#1387=ORIENTED_EDGE('',*,*,#1990,.F.);
#1388=ORIENTED_EDGE('',*,*,#1991,.T.);
#1389=ORIENTED_EDGE('',*,*,#1988,.T.);
#1390=ORIENTED_EDGE('',*,*,#1919,.F.);
#1391=ORIENTED_EDGE('',*,*,#1987,.F.);
#1392=ORIENTED_EDGE('',*,*,#1992,.T.);
#1393=ORIENTED_EDGE('',*,*,#1990,.T.);
#1394=ORIENTED_EDGE('',*,*,#1967,.F.);
#1395=ORIENTED_EDGE('',*,*,#1993,.F.);
#1396=ORIENTED_EDGE('',*,*,#1994,.F.);
#1397=ORIENTED_EDGE('',*,*,#1874,.F.);
#1398=ORIENTED_EDGE('',*,*,#1995,.F.);
#1399=ORIENTED_EDGE('',*,*,#1797,.F.);
#1400=ORIENTED_EDGE('',*,*,#1968,.F.);
#1401=ORIENTED_EDGE('',*,*,#1995,.T.);
#1402=ORIENTED_EDGE('',*,*,#1885,.F.);
#1403=ORIENTED_EDGE('',*,*,#1996,.F.);
#1404=ORIENTED_EDGE('',*,*,#1997,.T.);
#1405=ORIENTED_EDGE('',*,*,#1960,.F.);
#1406=ORIENTED_EDGE('',*,*,#1998,.F.);
#1407=ORIENTED_EDGE('',*,*,#1998,.T.);
#1408=ORIENTED_EDGE('',*,*,#1959,.F.);
#1409=ORIENTED_EDGE('',*,*,#1793,.F.);
#1410=ORIENTED_EDGE('',*,*,#1815,.F.);
#1411=ORIENTED_EDGE('',*,*,#1908,.F.);
#1412=ORIENTED_EDGE('',*,*,#1901,.T.);
#1413=ORIENTED_EDGE('',*,*,#1906,.T.);
#1414=ORIENTED_EDGE('',*,*,#1802,.F.);
#1415=ORIENTED_EDGE('',*,*,#1831,.F.);
#1416=ORIENTED_EDGE('',*,*,#1904,.T.);
#1417=ORIENTED_EDGE('',*,*,#1999,.T.);
#1418=ORIENTED_EDGE('',*,*,#1803,.F.);
#1419=ORIENTED_EDGE('',*,*,#1999,.F.);
#1420=ORIENTED_EDGE('',*,*,#1903,.T.);
#1421=ORIENTED_EDGE('',*,*,#1887,.T.);
#1422=ORIENTED_EDGE('',*,*,#1926,.F.);
#1423=ORIENTED_EDGE('',*,*,#2000,.F.);
#1424=ORIENTED_EDGE('',*,*,#1952,.F.);
#1425=ORIENTED_EDGE('',*,*,#1975,.F.);
#1426=ORIENTED_EDGE('',*,*,#1939,.F.);
#1427=ORIENTED_EDGE('',*,*,#2001,.F.);
#1428=ORIENTED_EDGE('',*,*,#1913,.F.);
#1429=ORIENTED_EDGE('',*,*,#1974,.F.);
#1430=ORIENTED_EDGE('',*,*,#1954,.F.);
#1431=ORIENTED_EDGE('',*,*,#2002,.F.);
#1432=ORIENTED_EDGE('',*,*,#1948,.F.);
#1433=ORIENTED_EDGE('',*,*,#1976,.F.);
#1434=ORIENTED_EDGE('',*,*,#1950,.F.);
#1435=ORIENTED_EDGE('',*,*,#2003,.F.);
#1436=ORIENTED_EDGE('',*,*,#2004,.T.);
#1437=ORIENTED_EDGE('',*,*,#1858,.F.);
#1438=ORIENTED_EDGE('',*,*,#1977,.F.);
#1439=ORIENTED_EDGE('',*,*,#1867,.F.);
#1440=ORIENTED_EDGE('',*,*,#2005,.T.);
#1441=ORIENTED_EDGE('',*,*,#2006,.F.);
#1442=ORIENTED_EDGE('',*,*,#1944,.F.);
#1443=ORIENTED_EDGE('',*,*,#1972,.F.);
#1444=ORIENTED_EDGE('',*,*,#1946,.F.);
#1445=ORIENTED_EDGE('',*,*,#2007,.F.);
#1446=ORIENTED_EDGE('',*,*,#1937,.F.);
#1447=ORIENTED_EDGE('',*,*,#1973,.F.);
#1448=ORIENTED_EDGE('',*,*,#1931,.F.);
#1449=ORIENTED_EDGE('',*,*,#2008,.F.);
#1450=ORIENTED_EDGE('',*,*,#1869,.F.);
#1451=ORIENTED_EDGE('',*,*,#1971,.F.);
#1452=ORIENTED_EDGE('',*,*,#1863,.F.);
#1453=ORIENTED_EDGE('',*,*,#2009,.F.);
#1454=ORIENTED_EDGE('',*,*,#1933,.F.);
#1455=ORIENTED_EDGE('',*,*,#1978,.F.);
#1456=ORIENTED_EDGE('',*,*,#2010,.F.);
#1457=ORIENTED_EDGE('',*,*,#2011,.T.);
#1458=ORIENTED_EDGE('',*,*,#1865,.F.);
#1459=ORIENTED_EDGE('',*,*,#1812,.F.);
#1460=ORIENTED_EDGE('',*,*,#1915,.F.);
#1461=ORIENTED_EDGE('',*,*,#2012,.F.);
#1462=ORIENTED_EDGE('',*,*,#1924,.F.);
#1463=ORIENTED_EDGE('',*,*,#1806,.F.);
#1464=ORIENTED_EDGE('',*,*,#1860,.F.);
#1465=ORIENTED_EDGE('',*,*,#2013,.T.);
#1466=ORIENTED_EDGE('',*,*,#1849,.F.);
#1467=ORIENTED_EDGE('',*,*,#2014,.T.);
#1468=ORIENTED_EDGE('',*,*,#1879,.T.);
#1469=ORIENTED_EDGE('',*,*,#1791,.F.);
#1470=ORIENTED_EDGE('',*,*,#1873,.F.);
#1471=ORIENTED_EDGE('',*,*,#2015,.T.);
#1472=ORIENTED_EDGE('',*,*,#1852,.T.);
#1473=ORIENTED_EDGE('',*,*,#1897,.T.);
#1474=ORIENTED_EDGE('',*,*,#2016,.F.);
#1475=ORIENTED_EDGE('',*,*,#2017,.T.);
#1476=ORIENTED_EDGE('',*,*,#2018,.T.);
#1477=ORIENTED_EDGE('',*,*,#1894,.T.);
#1478=ORIENTED_EDGE('',*,*,#1821,.F.);
#1479=ORIENTED_EDGE('',*,*,#1839,.T.);
#1480=ORIENTED_EDGE('',*,*,#1825,.T.);
#1481=ORIENTED_EDGE('',*,*,#1899,.T.);
#1482=ORIENTED_EDGE('',*,*,#1837,.T.);
#1483=ORIENTED_EDGE('',*,*,#1834,.T.);
#1484=ORIENTED_EDGE('',*,*,#1905,.T.);
#1485=ORIENTED_EDGE('',*,*,#1829,.F.);
#1486=ORIENTED_EDGE('',*,*,#1966,.T.);
#1487=ORIENTED_EDGE('',*,*,#1935,.F.);
#1488=ORIENTED_EDGE('',*,*,#2019,.F.);
#1489=ORIENTED_EDGE('',*,*,#1993,.T.);
#1490=ORIENTED_EDGE('',*,*,#2020,.T.);
#1491=ORIENTED_EDGE('',*,*,#1934,.T.);
#1492=ORIENTED_EDGE('',*,*,#2009,.T.);
#1493=ORIENTED_EDGE('',*,*,#1862,.F.);
#1494=ORIENTED_EDGE('',*,*,#1886,.F.);
#1495=ORIENTED_EDGE('',*,*,#1875,.F.);
#1496=ORIENTED_EDGE('',*,*,#1994,.T.);
#1497=ORIENTED_EDGE('',*,*,#2019,.T.);
#1498=ORIENTED_EDGE('',*,*,#1961,.F.);
#1499=ORIENTED_EDGE('',*,*,#1997,.F.);
#1500=ORIENTED_EDGE('',*,*,#2021,.T.);
#1501=ORIENTED_EDGE('',*,*,#1929,.T.);
#1502=ORIENTED_EDGE('',*,*,#2022,.F.);
#1503=ORIENTED_EDGE('',*,*,#1870,.T.);
#1504=ORIENTED_EDGE('',*,*,#2008,.T.);
#1505=ORIENTED_EDGE('',*,*,#1930,.F.);
#1506=ORIENTED_EDGE('',*,*,#2021,.F.);
#1507=ORIENTED_EDGE('',*,*,#1996,.T.);
#1508=ORIENTED_EDGE('',*,*,#1884,.T.);
#1509=ORIENTED_EDGE('',*,*,#1907,.T.);
#1510=ORIENTED_EDGE('',*,*,#2022,.T.);
#1511=ORIENTED_EDGE('',*,*,#2023,.F.);
#1512=ORIENTED_EDGE('',*,*,#2023,.T.);
#1513=ORIENTED_EDGE('',*,*,#2024,.F.);
#1514=ORIENTED_EDGE('',*,*,#2020,.F.);
#1515=ORIENTED_EDGE('',*,*,#2024,.T.);
#1516=ORIENTED_EDGE('',*,*,#1808,.T.);
#1517=ORIENTED_EDGE('',*,*,#2025,.F.);
#1518=ORIENTED_EDGE('',*,*,#2025,.T.);
#1519=ORIENTED_EDGE('',*,*,#1798,.T.);
#1520=ORIENTED_EDGE('',*,*,#2026,.F.);
#1521=ORIENTED_EDGE('',*,*,#2026,.T.);
#1522=ORIENTED_EDGE('',*,*,#2012,.T.);
#1523=ORIENTED_EDGE('',*,*,#2027,.T.);
#1524=ORIENTED_EDGE('',*,*,#2003,.T.);
#1525=ORIENTED_EDGE('',*,*,#1949,.T.);
#1526=ORIENTED_EDGE('',*,*,#2002,.T.);
#1527=ORIENTED_EDGE('',*,*,#1953,.F.);
#1528=ORIENTED_EDGE('',*,*,#2000,.T.);
#1529=ORIENTED_EDGE('',*,*,#1925,.F.);
#1530=ORIENTED_EDGE('',*,*,#1956,.T.);
#1531=ORIENTED_EDGE('',*,*,#1942,.F.);
#1532=ORIENTED_EDGE('',*,*,#2006,.T.);
#1533=ORIENTED_EDGE('',*,*,#2028,.T.);
#1534=ORIENTED_EDGE('',*,*,#2010,.T.);
#1535=ORIENTED_EDGE('',*,*,#1914,.T.);
#1536=ORIENTED_EDGE('',*,*,#2001,.T.);
#1537=ORIENTED_EDGE('',*,*,#1938,.T.);
#1538=ORIENTED_EDGE('',*,*,#2007,.T.);
#1539=ORIENTED_EDGE('',*,*,#1945,.F.);
#1540=ORIENTED_EDGE('',*,*,#2005,.F.);
#1541=ORIENTED_EDGE('',*,*,#1866,.F.);
#1542=ORIENTED_EDGE('',*,*,#2011,.F.);
#1543=ORIENTED_EDGE('',*,*,#2028,.F.);
#1544=ORIENTED_EDGE('',*,*,#2004,.F.);
#1545=ORIENTED_EDGE('',*,*,#2027,.F.);
#1546=ORIENTED_EDGE('',*,*,#2013,.F.);
#1547=ORIENTED_EDGE('',*,*,#1859,.F.);
#1548=ORIENTED_EDGE('',*,*,#1856,.F.);
#1549=ORIENTED_EDGE('',*,*,#1845,.T.);
#1550=ORIENTED_EDGE('',*,*,#1893,.F.);
#1551=ORIENTED_EDGE('',*,*,#2029,.F.);
#1552=ORIENTED_EDGE('',*,*,#2030,.F.);
#1553=ORIENTED_EDGE('',*,*,#2031,.T.);
#1554=ORIENTED_EDGE('',*,*,#1895,.F.);
#1555=ORIENTED_EDGE('',*,*,#1850,.F.);
#1556=ORIENTED_EDGE('',*,*,#1819,.T.);
#1557=ORIENTED_EDGE('',*,*,#1898,.T.);
#1558=ORIENTED_EDGE('',*,*,#1832,.F.);
#1559=ORIENTED_EDGE('',*,*,#1836,.T.);
#1560=ORIENTED_EDGE('',*,*,#1827,.T.);
#1561=ORIENTED_EDGE('',*,*,#1800,.F.);
#1562=ORIENTED_EDGE('',*,*,#1981,.F.);
#1563=ORIENTED_EDGE('',*,*,#1979,.F.);
#1564=ORIENTED_EDGE('',*,*,#1910,.T.);
#1565=ORIENTED_EDGE('',*,*,#1989,.T.);
#1566=ORIENTED_EDGE('',*,*,#1991,.F.);
#1567=ORIENTED_EDGE('',*,*,#1992,.F.);
#1568=ORIENTED_EDGE('',*,*,#1986,.T.);
#1569=ORIENTED_EDGE('',*,*,#1983,.T.);
#1570=ORIENTED_EDGE('',*,*,#1985,.T.);
#1571=ORIENTED_EDGE('',*,*,#1809,.T.);
#1572=ORIENTED_EDGE('',*,*,#1822,.F.);
#1573=ORIENTED_EDGE('',*,*,#1838,.T.);
#1574=ORIENTED_EDGE('',*,*,#1840,.T.);
#1575=ORIENTED_EDGE('',*,*,#1965,.F.);
#1576=ORIENTED_EDGE('',*,*,#2032,.F.);
#1577=ORIENTED_EDGE('',*,*,#1962,.F.);
#1578=ORIENTED_EDGE('',*,*,#1795,.F.);
#1579=ORIENTED_EDGE('',*,*,#1958,.F.);
#1580=ORIENTED_EDGE('',*,*,#2033,.T.);
#1581=ORIENTED_EDGE('',*,*,#1969,.F.);
#1582=ORIENTED_EDGE('',*,*,#2032,.T.);
#1583=ORIENTED_EDGE('',*,*,#1964,.F.);
#1584=ORIENTED_EDGE('',*,*,#2034,.T.);
#1585=ORIENTED_EDGE('',*,*,#1963,.F.);
#1586=ORIENTED_EDGE('',*,*,#2033,.F.);
#1587=ORIENTED_EDGE('',*,*,#1957,.F.);
#1588=ORIENTED_EDGE('',*,*,#2034,.F.);
#1589=ORIENTED_EDGE('',*,*,#1970,.F.);
#1590=ORIENTED_EDGE('',*,*,#1853,.F.);
#1591=ORIENTED_EDGE('',*,*,#2015,.F.);
#1592=ORIENTED_EDGE('',*,*,#1872,.F.);
#1593=ORIENTED_EDGE('',*,*,#1889,.F.);
#1594=ORIENTED_EDGE('',*,*,#1848,.F.);
#1595=ORIENTED_EDGE('',*,*,#1891,.F.);
#1596=ORIENTED_EDGE('',*,*,#1880,.F.);
#1597=ORIENTED_EDGE('',*,*,#2014,.F.);
#1598=ORIENTED_EDGE('',*,*,#2016,.T.);
#1599=ORIENTED_EDGE('',*,*,#1896,.T.);
#1600=ORIENTED_EDGE('',*,*,#2031,.F.);
#1601=ORIENTED_EDGE('',*,*,#2035,.T.);
#1602=ORIENTED_EDGE('',*,*,#1892,.F.);
#1603=ORIENTED_EDGE('',*,*,#2018,.F.);
#1604=ORIENTED_EDGE('',*,*,#2036,.F.);
#1605=ORIENTED_EDGE('',*,*,#2029,.T.);
#1606=ORIENTED_EDGE('',*,*,#2017,.F.);
#1607=ORIENTED_EDGE('',*,*,#2035,.F.);
#1608=ORIENTED_EDGE('',*,*,#2030,.T.);
#1609=ORIENTED_EDGE('',*,*,#2036,.T.);
#1610=EDGE_CURVE('',#2037,#2037,#2327,.T.);
#1611=EDGE_CURVE('',#2038,#2039,#62,.F.);
#1612=EDGE_CURVE('',#2040,#2039,#63,.T.);
#1613=EDGE_CURVE('',#2041,#2040,#64,.T.);
#1614=EDGE_CURVE('',#2041,#2042,#65,.T.);
#1615=EDGE_CURVE('',#2042,#2043,#66,.T.);
#1616=EDGE_CURVE('',#2043,#2044,#67,.T.);
#1617=EDGE_CURVE('',#2045,#2044,#68,.T.);
#1618=EDGE_CURVE('',#2046,#2045,#69,.T.);
#1619=EDGE_CURVE('',#2038,#2046,#70,.T.);
#1620=EDGE_CURVE('',#2047,#2047,#2328,.T.);
#1621=EDGE_CURVE('',#2048,#2049,#71,.T.);
#1622=EDGE_CURVE('',#2048,#2050,#72,.F.);
#1623=EDGE_CURVE('',#2051,#2050,#73,.T.);
#1624=EDGE_CURVE('',#2052,#2051,#74,.T.);
#1625=EDGE_CURVE('',#2053,#2052,#75,.T.);
#1626=EDGE_CURVE('',#2053,#2054,#76,.T.);
#1627=EDGE_CURVE('',#2054,#2055,#77,.T.);
#1628=EDGE_CURVE('',#2055,#2056,#78,.T.);
#1629=EDGE_CURVE('',#2049,#2056,#79,.T.);
#1630=EDGE_CURVE('',#2057,#2057,#2329,.T.);
#1631=EDGE_CURVE('',#2058,#2058,#2330,.T.);
#1632=EDGE_CURVE('',#2059,#2059,#2331,.T.);
#1633=EDGE_CURVE('',#2060,#2060,#2332,.T.);
#1634=EDGE_CURVE('',#2061,#2062,#80,.T.);
#1635=EDGE_CURVE('',#2062,#2063,#2333,.F.);
#1636=EDGE_CURVE('',#2064,#2063,#81,.T.);
#1637=EDGE_CURVE('',#2064,#2065,#82,.T.);
#1638=EDGE_CURVE('',#2065,#2066,#83,.T.);
#1639=EDGE_CURVE('',#2066,#2067,#84,.T.);
#1640=EDGE_CURVE('',#2067,#2061,#85,.T.);
#1641=EDGE_CURVE('',#2068,#2069,#86,.T.);
#1642=EDGE_CURVE('',#2069,#2062,#87,.F.);
#1643=EDGE_CURVE('',#2061,#2041,#88,.T.);
#1644=EDGE_CURVE('',#2040,#2068,#89,.T.);
#1645=EDGE_CURVE('',#2070,#2071,#90,.T.);
#1646=EDGE_CURVE('',#2071,#2072,#2334,.F.);
#1647=EDGE_CURVE('',#2072,#2073,#91,.T.);
#1648=EDGE_CURVE('',#2073,#2074,#92,.T.);
#1649=EDGE_CURVE('',#2074,#2075,#93,.T.);
#1650=EDGE_CURVE('',#2075,#2076,#94,.T.);
#1651=EDGE_CURVE('',#2070,#2076,#95,.T.);
#1652=EDGE_CURVE('',#2077,#2078,#96,.T.);
#1653=EDGE_CURVE('',#2079,#2078,#97,.T.);
#1654=EDGE_CURVE('',#2080,#2079,#98,.T.);
#1655=EDGE_CURVE('',#2081,#2080,#2335,.T.);
#1656=EDGE_CURVE('',#2081,#2082,#99,.T.);
#1657=EDGE_CURVE('',#2083,#2082,#100,.T.);
#1658=EDGE_CURVE('',#2084,#2083,#101,.T.);
#1659=EDGE_CURVE('',#2085,#2084,#2336,.T.);
#1660=EDGE_CURVE('',#2085,#2086,#102,.T.);
#1661=EDGE_CURVE('',#2087,#2086,#103,.T.);
#1662=EDGE_CURVE('',#2088,#2087,#104,.T.);
#1663=EDGE_CURVE('',#2089,#2088,#105,.T.);
#1664=EDGE_CURVE('',#2090,#2089,#106,.T.);
#1665=EDGE_CURVE('',#2091,#2090,#107,.T.);
#1666=EDGE_CURVE('',#2092,#2091,#108,.T.);
#1667=EDGE_CURVE('',#2093,#2092,#2337,.T.);
#1668=EDGE_CURVE('',#2093,#2094,#109,.T.);
#1669=EDGE_CURVE('',#2095,#2094,#110,.T.);
#1670=EDGE_CURVE('',#2096,#2095,#111,.T.);
#1671=EDGE_CURVE('',#2077,#2096,#2338,.T.);
#1672=EDGE_CURVE('',#2097,#2098,#112,.T.);
#1673=EDGE_CURVE('',#2098,#2083,#113,.T.);
#1674=EDGE_CURVE('',#2099,#2082,#114,.T.);
#1675=EDGE_CURVE('',#2099,#2100,#115,.T.);
#1676=EDGE_CURVE('',#2042,#2100,#116,.T.);
#1677=EDGE_CURVE('',#2067,#2087,#117,.T.);
#1678=EDGE_CURVE('',#2097,#2086,#118,.T.);
#1679=EDGE_CURVE('',#2068,#2101,#119,.T.);
#1680=EDGE_CURVE('',#2039,#2102,#120,.F.);
#1681=EDGE_CURVE('',#2102,#2101,#121,.T.);
#1682=EDGE_CURVE('',#2102,#2103,#122,.T.);
#1683=EDGE_CURVE('',#2103,#2104,#123,.T.);
#1684=EDGE_CURVE('',#2101,#2104,#124,.T.);
#1685=EDGE_CURVE('',#2105,#2106,#125,.T.);
#1686=EDGE_CURVE('',#2105,#2107,#2339,.F.);
#1687=EDGE_CURVE('',#2107,#2044,#126,.T.);
#1688=EDGE_CURVE('',#2043,#2108,#127,.T.);
#1689=EDGE_CURVE('',#2108,#2109,#128,.T.);
#1690=EDGE_CURVE('',#2109,#2079,#129,.T.);
#1691=EDGE_CURVE('',#2110,#2078,#130,.T.);
#1692=EDGE_CURVE('',#2110,#2111,#131,.T.);
#1693=EDGE_CURVE('',#2054,#2111,#132,.T.);
#1694=EDGE_CURVE('',#2112,#2053,#133,.T.);
#1695=EDGE_CURVE('',#2112,#2106,#2340,.F.);
#1696=EDGE_CURVE('',#2100,#2108,#134,.T.);
#1697=EDGE_CURVE('',#2072,#2113,#135,.T.);
#1698=EDGE_CURVE('',#2113,#2114,#136,.T.);
#1699=EDGE_CURVE('',#2049,#2114,#137,.T.);
#1700=EDGE_CURVE('',#2073,#2056,#138,.T.);
#1701=EDGE_CURVE('',#2104,#2114,#139,.T.);
#1702=EDGE_CURVE('',#2103,#2048,#140,.F.);
#1703=EDGE_CURVE('',#2066,#2088,#141,.T.);
#1704=EDGE_CURVE('',#2065,#2115,#142,.T.);
#1705=EDGE_CURVE('',#2115,#2116,#2341,.T.);
#1706=EDGE_CURVE('',#2116,#2117,#143,.T.);
#1707=EDGE_CURVE('',#2117,#2118,#144,.T.);
#1708=EDGE_CURVE('',#2119,#2118,#145,.T.);
#1709=EDGE_CURVE('',#2120,#2119,#146,.T.);
#1710=EDGE_CURVE('',#2120,#2121,#147,.T.);
#1711=EDGE_CURVE('',#2121,#2122,#2342,.T.);
#1712=EDGE_CURVE('',#2122,#2076,#148,.T.);
#1713=EDGE_CURVE('',#2075,#2089,#149,.T.);
#1714=EDGE_CURVE('',#2074,#2090,#150,.T.);
#1715=EDGE_CURVE('',#2123,#2124,#151,.T.);
#1716=EDGE_CURVE('',#2124,#2091,#152,.T.);
#1717=EDGE_CURVE('',#2055,#2125,#153,.T.);
#1718=EDGE_CURVE('',#2125,#2126,#154,.T.);
#1719=EDGE_CURVE('',#2126,#2095,#155,.T.);
#1720=EDGE_CURVE('',#2123,#2094,#156,.T.);
#1721=EDGE_CURVE('',#2111,#2125,#157,.T.);
#1722=EDGE_CURVE('',#2113,#2127,#2343,.T.);
#1723=EDGE_CURVE('',#2128,#2127,#158,.T.);
#1724=EDGE_CURVE('',#2129,#2128,#159,.T.);
#1725=EDGE_CURVE('',#2129,#2130,#160,.T.);
#1726=EDGE_CURVE('',#2130,#2069,#2344,.T.);
#1727=EDGE_CURVE('',#2131,#2093,#161,.T.);
#1728=EDGE_CURVE('',#2131,#2123,#162,.T.);
#1729=EDGE_CURVE('',#2132,#2092,#163,.T.);
#1730=EDGE_CURVE('',#2131,#2132,#2345,.T.);
#1731=EDGE_CURVE('',#2132,#2124,#164,.T.);
#1732=EDGE_CURVE('',#2133,#2084,#165,.T.);
#1733=EDGE_CURVE('',#2134,#2133,#2346,.T.);
#1734=EDGE_CURVE('',#2134,#2085,#166,.T.);
#1735=EDGE_CURVE('',#2133,#2098,#167,.T.);
#1736=EDGE_CURVE('',#2134,#2097,#168,.T.);
#1737=EDGE_CURVE('',#2135,#2077,#169,.T.);
#1738=EDGE_CURVE('',#2135,#2110,#170,.T.);
#1739=EDGE_CURVE('',#2136,#2096,#171,.T.);
#1740=EDGE_CURVE('',#2135,#2136,#2347,.T.);
#1741=EDGE_CURVE('',#2136,#2126,#172,.T.);
#1742=EDGE_CURVE('',#2137,#2137,#2348,.T.);
#1743=EDGE_CURVE('',#2138,#2081,#173,.T.);
#1744=EDGE_CURVE('',#2138,#2099,#174,.T.);
#1745=EDGE_CURVE('',#2139,#2080,#175,.T.);
#1746=EDGE_CURVE('',#2138,#2139,#2349,.T.);
#1747=EDGE_CURVE('',#2139,#2109,#176,.T.);
#1748=EDGE_CURVE('',#2140,#2140,#2350,.T.);
#1749=EDGE_CURVE('',#2141,#2119,#177,.T.);
#1750=EDGE_CURVE('',#2142,#2141,#178,.T.);
#1751=EDGE_CURVE('',#2142,#2120,#179,.T.);
#1752=EDGE_CURVE('',#2142,#2143,#180,.T.);
#1753=EDGE_CURVE('',#2143,#2121,#181,.T.);
#1754=EDGE_CURVE('',#2143,#2144,#2351,.T.);
#1755=EDGE_CURVE('',#2144,#2122,#182,.T.);
#1756=EDGE_CURVE('',#2144,#2070,#183,.T.);
#1757=EDGE_CURVE('',#2064,#2145,#184,.T.);
#1758=EDGE_CURVE('',#2145,#2115,#185,.T.);
#1759=EDGE_CURVE('',#2145,#2146,#2352,.T.);
#1760=EDGE_CURVE('',#2146,#2116,#186,.T.);
#1761=EDGE_CURVE('',#2146,#2147,#187,.T.);
#1762=EDGE_CURVE('',#2147,#2117,#188,.T.);
#1763=EDGE_CURVE('',#2147,#2148,#189,.T.);
#1764=EDGE_CURVE('',#2148,#2118,#190,.T.);
#1765=EDGE_CURVE('',#2141,#2148,#191,.T.);
#1766=EDGE_CURVE('',#2064,#2129,#192,.T.);
#1767=EDGE_CURVE('',#2070,#2128,#193,.T.);
#1768=EDGE_CURVE('',#2127,#2071,#194,.F.);
#1769=EDGE_CURVE('',#2063,#2130,#195,.T.);
#1770=EDGE_CURVE('',#2149,#2150,#196,.F.);
#1771=EDGE_CURVE('',#2150,#2112,#197,.F.);
#1772=EDGE_CURVE('',#2149,#2052,#198,.T.);
#1773=EDGE_CURVE('',#2151,#2051,#199,.T.);
#1774=EDGE_CURVE('',#2151,#2149,#200,.F.);
#1775=EDGE_CURVE('',#2050,#2151,#201,.F.);
#1776=EDGE_CURVE('',#2152,#2046,#202,.T.);
#1777=EDGE_CURVE('',#2152,#2038,#203,.F.);
#1778=EDGE_CURVE('',#2153,#2045,#204,.T.);
#1779=EDGE_CURVE('',#2153,#2152,#205,.F.);
#1780=EDGE_CURVE('',#2107,#2154,#206,.F.);
#1781=EDGE_CURVE('',#2154,#2153,#207,.F.);
#1782=EDGE_CURVE('',#2154,#2155,#18,.F.);
#1783=EDGE_CURVE('',#2156,#2155,#208,.T.);
#1784=EDGE_CURVE('',#2156,#2150,#19,.F.);
#1785=EDGE_CURVE('',#2155,#2157,#2353,.F.);
#1786=EDGE_CURVE('',#2158,#2157,#209,.T.);
#1787=EDGE_CURVE('',#2158,#2156,#2354,.F.);
#1788=EDGE_CURVE('',#2157,#2105,#210,.T.);
#1789=EDGE_CURVE('',#2106,#2158,#211,.T.);
#1790=EDGE_CURVE('',#2159,#2160,#212,.T.);
#1791=EDGE_CURVE('',#2159,#2161,#213,.F.);
#1792=EDGE_CURVE('',#2161,#2162,#214,.T.);
#1793=EDGE_CURVE('',#2162,#2163,#215,.T.);
#1794=EDGE_CURVE('',#2163,#2164,#216,.T.);
#1795=EDGE_CURVE('',#2164,#2165,#217,.T.);
#1796=EDGE_CURVE('',#2166,#2165,#218,.T.);
#1797=EDGE_CURVE('',#2166,#2160,#219,.T.);
#1798=EDGE_CURVE('',#2167,#2167,#2355,.T.);
#1799=EDGE_CURVE('',#2168,#2169,#220,.T.);
#1800=EDGE_CURVE('',#2168,#2170,#221,.T.);
#1801=EDGE_CURVE('',#2170,#2171,#222,.T.);
#1802=EDGE_CURVE('',#2171,#2172,#223,.T.);
#1803=EDGE_CURVE('',#2172,#2173,#224,.T.);
#1804=EDGE_CURVE('',#2174,#2173,#225,.T.);
#1805=EDGE_CURVE('',#2174,#2175,#226,.T.);
#1806=EDGE_CURVE('',#2175,#2176,#227,.F.);
#1807=EDGE_CURVE('',#2176,#2169,#228,.T.);
#1808=EDGE_CURVE('',#2177,#2177,#2356,.T.);
#1809=EDGE_CURVE('',#2178,#2179,#229,.T.);
#1810=EDGE_CURVE('',#2178,#2180,#230,.T.);
#1811=EDGE_CURVE('',#2180,#2181,#231,.T.);
#1812=EDGE_CURVE('',#2181,#2182,#232,.T.);
#1813=EDGE_CURVE('',#2183,#2182,#233,.T.);
#1814=EDGE_CURVE('',#2184,#2183,#234,.T.);
#1815=EDGE_CURVE('',#2184,#2185,#235,.T.);
#1816=EDGE_CURVE('',#2185,#2186,#236,.T.);
#1817=EDGE_CURVE('',#2179,#2186,#237,.T.);
#1818=EDGE_CURVE('',#2187,#2188,#238,.T.);
#1819=EDGE_CURVE('',#2189,#2187,#239,.T.);
#1820=EDGE_CURVE('',#2189,#2190,#240,.T.);
#1821=EDGE_CURVE('',#2190,#2188,#241,.T.);
#1822=EDGE_CURVE('',#2191,#2179,#242,.T.);
#1823=EDGE_CURVE('',#2192,#2186,#243,.T.);
#1824=EDGE_CURVE('',#2193,#2192,#244,.T.);
#1825=EDGE_CURVE('',#2194,#2193,#245,.T.);
#1826=EDGE_CURVE('',#2194,#2191,#246,.F.);
#1827=EDGE_CURVE('',#2195,#2170,#247,.T.);
#1828=EDGE_CURVE('',#2195,#2196,#248,.T.);
#1829=EDGE_CURVE('',#2196,#2197,#249,.T.);
#1830=EDGE_CURVE('',#2197,#2198,#250,.T.);
#1831=EDGE_CURVE('',#2198,#2171,#251,.T.);
#1832=EDGE_CURVE('',#2199,#2200,#252,.T.);
#1833=EDGE_CURVE('',#2200,#2201,#253,.T.);
#1834=EDGE_CURVE('',#2202,#2201,#254,.T.);
#1835=EDGE_CURVE('',#2202,#2199,#255,.F.);
#1836=EDGE_CURVE('',#2199,#2195,#2357,.F.);
#1837=EDGE_CURVE('',#2196,#2202,#2358,.F.);
#1838=EDGE_CURVE('',#2191,#2189,#2359,.F.);
#1839=EDGE_CURVE('',#2190,#2194,#2360,.F.);
#1840=EDGE_CURVE('',#2203,#2204,#256,.T.);
#1841=EDGE_CURVE('',#2203,#2205,#257,.T.);
#1842=EDGE_CURVE('',#2205,#2206,#258,.T.);
#1843=EDGE_CURVE('',#2204,#2206,#259,.T.);
#1844=EDGE_CURVE('',#2207,#2208,#260,.T.);
#1845=EDGE_CURVE('',#2209,#2208,#261,.T.);
#1846=EDGE_CURVE('',#2210,#2209,#262,.T.);
#1847=EDGE_CURVE('',#2211,#2210,#263,.T.);
#1848=EDGE_CURVE('',#2211,#2212,#264,.F.);
#1849=EDGE_CURVE('',#2212,#2207,#265,.F.);
#1850=EDGE_CURVE('',#2213,#2214,#266,.T.);
#1851=EDGE_CURVE('',#2215,#2214,#267,.T.);
#1852=EDGE_CURVE('',#2216,#2215,#268,.F.);
#1853=EDGE_CURVE('',#2216,#2217,#269,.T.);
#1854=EDGE_CURVE('',#2218,#2217,#270,.T.);
#1855=EDGE_CURVE('',#2218,#2213,#271,.T.);
#1856=EDGE_CURVE('',#2209,#2213,#272,.T.);
#1857=EDGE_CURVE('',#2210,#2218,#273,.T.);
#1858=EDGE_CURVE('',#2219,#2220,#274,.F.);
#1859=EDGE_CURVE('',#2220,#2221,#275,.T.);
#1860=EDGE_CURVE('',#2221,#2175,#276,.T.);
#1861=EDGE_CURVE('',#2174,#2222,#277,.T.);
#1862=EDGE_CURVE('',#2222,#2223,#278,.T.);
#1863=EDGE_CURVE('',#2223,#2224,#279,.T.);
#1864=EDGE_CURVE('',#2224,#2219,#280,.T.);
#1865=EDGE_CURVE('',#2182,#2225,#281,.T.);
#1866=EDGE_CURVE('',#2225,#2226,#282,.T.);
#1867=EDGE_CURVE('',#2226,#2227,#283,.T.);
#1868=EDGE_CURVE('',#2228,#2227,#284,.T.);
#1869=EDGE_CURVE('',#2228,#2229,#285,.T.);
#1870=EDGE_CURVE('',#2230,#2229,#286,.T.);
#1871=EDGE_CURVE('',#2183,#2230,#287,.T.);
#1872=EDGE_CURVE('',#2231,#2232,#288,.T.);
#1873=EDGE_CURVE('',#2232,#2159,#289,.F.);
#1874=EDGE_CURVE('',#2160,#2233,#290,.F.);
#1875=EDGE_CURVE('',#2233,#2234,#291,.T.);
#1876=EDGE_CURVE('',#2235,#2234,#292,.T.);
#1877=EDGE_CURVE('',#2236,#2235,#293,.T.);
#1878=EDGE_CURVE('',#2236,#2231,#294,.T.);
#1879=EDGE_CURVE('',#2237,#2161,#295,.F.);
#1880=EDGE_CURVE('',#2237,#2238,#296,.F.);
#1881=EDGE_CURVE('',#2239,#2238,#297,.T.);
#1882=EDGE_CURVE('',#2239,#2240,#298,.T.);
#1883=EDGE_CURVE('',#2240,#2241,#299,.T.);
#1884=EDGE_CURVE('',#2242,#2241,#300,.T.);
#1885=EDGE_CURVE('',#2242,#2162,#301,.T.);
#1886=EDGE_CURVE('',#2234,#2222,#302,.T.);
#1887=EDGE_CURVE('',#2243,#2173,#303,.T.);
#1888=EDGE_CURVE('',#2235,#2243,#304,.T.);
#1889=EDGE_CURVE('',#2217,#2231,#305,.T.);
#1890=EDGE_CURVE('',#2236,#2239,#306,.T.);
#1891=EDGE_CURVE('',#2238,#2211,#307,.T.);
#1892=EDGE_CURVE('',#2244,#2245,#308,.T.);
#1893=EDGE_CURVE('',#2245,#2208,#2361,.T.);
#1894=EDGE_CURVE('',#2244,#2207,#2362,.F.);
#1895=EDGE_CURVE('',#2214,#2246,#2363,.T.);
#1896=EDGE_CURVE('',#2247,#2246,#309,.T.);
#1897=EDGE_CURVE('',#2215,#2247,#2364,.F.);
#1898=EDGE_CURVE('',#2187,#2200,#310,.T.);
#1899=EDGE_CURVE('',#2193,#2188,#311,.T.);
#1900=EDGE_CURVE('',#2248,#2192,#312,.T.);
#1901=EDGE_CURVE('',#2249,#2248,#313,.T.);
#1902=EDGE_CURVE('',#2240,#2249,#314,.T.);
#1903=EDGE_CURVE('',#2250,#2243,#315,.T.);
#1904=EDGE_CURVE('',#2198,#2250,#316,.T.);
#1905=EDGE_CURVE('',#2201,#2197,#317,.T.);
#1906=EDGE_CURVE('',#2248,#2185,#318,.T.);
#1907=EDGE_CURVE('',#2241,#2230,#319,.T.);
#1908=EDGE_CURVE('',#2249,#2184,#320,.T.);
#1909=EDGE_CURVE('',#2251,#2252,#321,.T.);
#1910=EDGE_CURVE('',#2253,#2251,#322,.T.);
#1911=EDGE_CURVE('',#2253,#2254,#323,.T.);
#1912=EDGE_CURVE('',#2254,#2252,#324,.T.);
#1913=EDGE_CURVE('',#2255,#2256,#325,.F.);
#1914=EDGE_CURVE('',#2257,#2256,#326,.T.);
#1915=EDGE_CURVE('',#2257,#2181,#327,.T.);
#1916=EDGE_CURVE('',#2258,#2180,#328,.T.);
#1917=EDGE_CURVE('',#2259,#2258,#329,.T.);
#1918=EDGE_CURVE('',#2260,#2259,#330,.T.);
#1919=EDGE_CURVE('',#2260,#2261,#331,.T.);
#1920=EDGE_CURVE('',#2261,#2262,#332,.T.);
#1921=EDGE_CURVE('',#2252,#2262,#333,.T.);
#1922=EDGE_CURVE('',#2254,#2263,#334,.T.);
#1923=EDGE_CURVE('',#2263,#2169,#335,.T.);
#1924=EDGE_CURVE('',#2176,#2264,#336,.T.);
#1925=EDGE_CURVE('',#2264,#2265,#337,.T.);
#1926=EDGE_CURVE('',#2265,#2266,#338,.T.);
#1927=EDGE_CURVE('',#2266,#2255,#339,.T.);
#1928=EDGE_CURVE('',#2267,#2205,#2365,.T.);
#1929=EDGE_CURVE('',#2268,#2267,#340,.T.);
#1930=EDGE_CURVE('',#2268,#2269,#341,.T.);
#1931=EDGE_CURVE('',#2269,#2270,#342,.T.);
#1932=EDGE_CURVE('',#2271,#2270,#343,.T.);
#1933=EDGE_CURVE('',#2271,#2272,#344,.T.);
#1934=EDGE_CURVE('',#2273,#2272,#345,.T.);
#1935=EDGE_CURVE('',#2273,#2274,#346,.T.);
#1936=EDGE_CURVE('',#2206,#2274,#2366,.T.);
#1937=EDGE_CURVE('',#2275,#2276,#347,.F.);
#1938=EDGE_CURVE('',#2277,#2276,#348,.T.);
#1939=EDGE_CURVE('',#2277,#2278,#349,.T.);
#1940=EDGE_CURVE('',#2278,#2275,#350,.T.);
#1941=EDGE_CURVE('',#2279,#2279,#2367,.T.);
#1942=EDGE_CURVE('',#2280,#2280,#2368,.T.);
#1943=EDGE_CURVE('',#2281,#2282,#351,.T.);
#1944=EDGE_CURVE('',#2281,#2283,#352,.F.);
#1945=EDGE_CURVE('',#2283,#2284,#353,.T.);
#1946=EDGE_CURVE('',#2284,#2282,#354,.T.);
#1947=EDGE_CURVE('',#2285,#2286,#355,.T.);
#1948=EDGE_CURVE('',#2286,#2287,#356,.F.);
#1949=EDGE_CURVE('',#2288,#2287,#357,.T.);
#1950=EDGE_CURVE('',#2288,#2285,#358,.T.);
#1951=EDGE_CURVE('',#2289,#2290,#359,.T.);
#1952=EDGE_CURVE('',#2289,#2291,#360,.F.);
#1953=EDGE_CURVE('',#2291,#2292,#361,.T.);
#1954=EDGE_CURVE('',#2292,#2290,#362,.T.);
#1955=EDGE_CURVE('',#2293,#2293,#2369,.T.);
#1956=EDGE_CURVE('',#2294,#2294,#2370,.T.);
#1957=EDGE_CURVE('',#2295,#2296,#20,.F.);
#1958=EDGE_CURVE('',#2296,#2164,#2371,.T.);
#1959=EDGE_CURVE('',#2163,#2297,#10,.T.);
#1960=EDGE_CURVE('',#2297,#2298,#11,.T.);
#1961=EDGE_CURVE('',#2298,#2267,#363,.T.);
#1962=EDGE_CURVE('',#2203,#2299,#2372,.F.);
#1963=EDGE_CURVE('',#2299,#2295,#364,.F.);
#1964=EDGE_CURVE('',#2300,#2301,#365,.T.);
#1965=EDGE_CURVE('',#2301,#2204,#2373,.F.);
#1966=EDGE_CURVE('',#2302,#2274,#366,.T.);
#1967=EDGE_CURVE('',#2302,#2303,#12,.T.);
#1968=EDGE_CURVE('',#2303,#2166,#13,.T.);
#1969=EDGE_CURVE('',#2165,#2304,#2374,.T.);
#1970=EDGE_CURVE('',#2304,#2300,#21,.T.);
#1971=EDGE_CURVE('',#2270,#2228,#367,.F.);
#1972=EDGE_CURVE('',#2227,#2281,#2375,.T.);
#1973=EDGE_CURVE('',#2282,#2275,#2376,.F.);
#1974=EDGE_CURVE('',#2278,#2255,#2377,.F.);
#1975=EDGE_CURVE('',#2266,#2289,#2378,.F.);
#1976=EDGE_CURVE('',#2290,#2286,#2379,.F.);
#1977=EDGE_CURVE('',#2285,#2219,#2380,.T.);
#1978=EDGE_CURVE('',#2224,#2271,#368,.T.);
#1979=EDGE_CURVE('',#2253,#2305,#369,.T.);
#1980=EDGE_CURVE('',#2305,#2263,#370,.T.);
#1981=EDGE_CURVE('',#2305,#2168,#371,.T.);
#1982=EDGE_CURVE('',#2306,#2258,#372,.T.);
#1983=EDGE_CURVE('',#2307,#2306,#373,.T.);
#1984=EDGE_CURVE('',#2307,#2259,#374,.T.);
#1985=EDGE_CURVE('',#2306,#2178,#375,.T.);
#1986=EDGE_CURVE('',#2308,#2307,#376,.T.);
#1987=EDGE_CURVE('',#2308,#2260,#377,.T.);
#1988=EDGE_CURVE('',#2309,#2262,#378,.T.);
#1989=EDGE_CURVE('',#2251,#2309,#379,.T.);
#1990=EDGE_CURVE('',#2310,#2261,#380,.T.);
#1991=EDGE_CURVE('',#2310,#2309,#381,.T.);
#1992=EDGE_CURVE('',#2308,#2310,#382,.T.);
#1993=EDGE_CURVE('',#2311,#2302,#383,.T.);
#1994=EDGE_CURVE('',#2233,#2311,#2381,.T.);
#1995=EDGE_CURVE('',#2303,#2160,#22,.T.);
#1996=EDGE_CURVE('',#2312,#2242,#2382,.F.);
#1997=EDGE_CURVE('',#2312,#2298,#384,.T.);
#1998=EDGE_CURVE('',#2162,#2297,#23,.F.);
#1999=EDGE_CURVE('',#2250,#2172,#385,.T.);
#2000=EDGE_CURVE('',#2291,#2265,#2383,.T.);
#2001=EDGE_CURVE('',#2256,#2277,#2384,.T.);
#2002=EDGE_CURVE('',#2287,#2292,#2385,.T.);
#2003=EDGE_CURVE('',#2313,#2288,#2386,.F.);
#2004=EDGE_CURVE('',#2313,#2220,#24,.F.);
#2005=EDGE_CURVE('',#2226,#2314,#25,.T.);
#2006=EDGE_CURVE('',#2283,#2314,#2387,.F.);
#2007=EDGE_CURVE('',#2276,#2284,#2388,.T.);
#2008=EDGE_CURVE('',#2229,#2269,#386,.F.);
#2009=EDGE_CURVE('',#2272,#2223,#387,.T.);
#2010=EDGE_CURVE('',#2315,#2257,#388,.T.);
#2011=EDGE_CURVE('',#2315,#2225,#389,.F.);
#2012=EDGE_CURVE('',#2264,#2316,#390,.F.);
#2013=EDGE_CURVE('',#2221,#2316,#391,.F.);
#2014=EDGE_CURVE('',#2212,#2237,#392,.F.);
#2015=EDGE_CURVE('',#2232,#2216,#393,.T.);
#2016=EDGE_CURVE('',#2317,#2247,#394,.T.);
#2017=EDGE_CURVE('',#2317,#2318,#395,.T.);
#2018=EDGE_CURVE('',#2318,#2244,#396,.T.);
#2019=EDGE_CURVE('',#2311,#2273,#397,.T.);
#2020=EDGE_CURVE('',#2319,#2319,#2389,.T.);
#2021=EDGE_CURVE('',#2312,#2268,#398,.T.);
#2022=EDGE_CURVE('',#2320,#2320,#2390,.T.);
#2023=EDGE_CURVE('',#2321,#2321,#2391,.T.);
#2024=EDGE_CURVE('',#2322,#2322,#2392,.T.);
#2025=EDGE_CURVE('',#2323,#2323,#2393,.T.);
#2026=EDGE_CURVE('',#2324,#2324,#2394,.T.);
#2027=EDGE_CURVE('',#2316,#2313,#399,.T.);
#2028=EDGE_CURVE('',#2314,#2315,#400,.T.);
#2029=EDGE_CURVE('',#2325,#2245,#401,.T.);
#2030=EDGE_CURVE('',#2326,#2325,#402,.T.);
#2031=EDGE_CURVE('',#2326,#2246,#403,.T.);
#2032=EDGE_CURVE('',#2299,#2301,#404,.T.);
#2033=EDGE_CURVE('',#2296,#2304,#405,.T.);
#2034=EDGE_CURVE('',#2300,#2295,#406,.T.);
#2035=EDGE_CURVE('',#2326,#2317,#407,.T.);
#2036=EDGE_CURVE('',#2325,#2318,#408,.T.);
#2037=VERTEX_POINT('',#4099);
#2038=VERTEX_POINT('',#4101);
#2039=VERTEX_POINT('',#4102);
#2040=VERTEX_POINT('',#4104);
#2041=VERTEX_POINT('',#4106);
#2042=VERTEX_POINT('',#4108);
#2043=VERTEX_POINT('',#4110);
#2044=VERTEX_POINT('',#4112);
#2045=VERTEX_POINT('',#4114);
#2046=VERTEX_POINT('',#4116);
#2047=VERTEX_POINT('',#4120);
#2048=VERTEX_POINT('',#4122);
#2049=VERTEX_POINT('',#4123);
#2050=VERTEX_POINT('',#4125);
#2051=VERTEX_POINT('',#4127);
#2052=VERTEX_POINT('',#4129);
#2053=VERTEX_POINT('',#4131);
#2054=VERTEX_POINT('',#4133);
#2055=VERTEX_POINT('',#4135);
#2056=VERTEX_POINT('',#4137);
#2057=VERTEX_POINT('',#4141);
#2058=VERTEX_POINT('',#4143);
#2059=VERTEX_POINT('',#4146);
#2060=VERTEX_POINT('',#4148);
#2061=VERTEX_POINT('',#4151);
#2062=VERTEX_POINT('',#4152);
#2063=VERTEX_POINT('',#4154);
#2064=VERTEX_POINT('',#4156);
#2065=VERTEX_POINT('',#4158);
#2066=VERTEX_POINT('',#4160);
#2067=VERTEX_POINT('',#4162);
#2068=VERTEX_POINT('',#4166);
#2069=VERTEX_POINT('',#4167);
#2070=VERTEX_POINT('',#4173);
#2071=VERTEX_POINT('',#4174);
#2072=VERTEX_POINT('',#4176);
#2073=VERTEX_POINT('',#4178);
#2074=VERTEX_POINT('',#4180);
#2075=VERTEX_POINT('',#4182);
#2076=VERTEX_POINT('',#4184);
#2077=VERTEX_POINT('',#4188);
#2078=VERTEX_POINT('',#4189);
#2079=VERTEX_POINT('',#4191);
#2080=VERTEX_POINT('',#4193);
#2081=VERTEX_POINT('',#4195);
#2082=VERTEX_POINT('',#4197);
#2083=VERTEX_POINT('',#4199);
#2084=VERTEX_POINT('',#4201);
#2085=VERTEX_POINT('',#4203);
#2086=VERTEX_POINT('',#4205);
#2087=VERTEX_POINT('',#4207);
#2088=VERTEX_POINT('',#4209);
#2089=VERTEX_POINT('',#4211);
#2090=VERTEX_POINT('',#4213);
#2091=VERTEX_POINT('',#4215);
#2092=VERTEX_POINT('',#4217);
#2093=VERTEX_POINT('',#4219);
#2094=VERTEX_POINT('',#4221);
#2095=VERTEX_POINT('',#4223);
#2096=VERTEX_POINT('',#4225);
#2097=VERTEX_POINT('',#4229);
#2098=VERTEX_POINT('',#4230);
#2099=VERTEX_POINT('',#4233);
#2100=VERTEX_POINT('',#4235);
#2101=VERTEX_POINT('',#4241);
#2102=VERTEX_POINT('',#4243);
#2103=VERTEX_POINT('',#4247);
#2104=VERTEX_POINT('',#4249);
#2105=VERTEX_POINT('',#4253);
#2106=VERTEX_POINT('',#4254);
#2107=VERTEX_POINT('',#4256);
#2108=VERTEX_POINT('',#4259);
#2109=VERTEX_POINT('',#4261);
#2110=VERTEX_POINT('',#4264);
#2111=VERTEX_POINT('',#4266);
#2112=VERTEX_POINT('',#4269);
#2113=VERTEX_POINT('',#4275);
#2114=VERTEX_POINT('',#4277);
#2115=VERTEX_POINT('',#4287);
#2116=VERTEX_POINT('',#4289);
#2117=VERTEX_POINT('',#4291);
#2118=VERTEX_POINT('',#4293);
#2119=VERTEX_POINT('',#4295);
#2120=VERTEX_POINT('',#4297);
#2121=VERTEX_POINT('',#4299);
#2122=VERTEX_POINT('',#4301);
#2123=VERTEX_POINT('',#4308);
#2124=VERTEX_POINT('',#4309);
#2125=VERTEX_POINT('',#4312);
#2126=VERTEX_POINT('',#4314);
#2127=VERTEX_POINT('',#4321);
#2128=VERTEX_POINT('',#4323);
#2129=VERTEX_POINT('',#4325);
#2130=VERTEX_POINT('',#4327);
#2131=VERTEX_POINT('',#4331);
#2132=VERTEX_POINT('',#4335);
#2133=VERTEX_POINT('',#4341);
#2134=VERTEX_POINT('',#4343);
#2135=VERTEX_POINT('',#4351);
#2136=VERTEX_POINT('',#4355);
#2137=VERTEX_POINT('',#4361);
#2138=VERTEX_POINT('',#4364);
#2139=VERTEX_POINT('',#4368);
#2140=VERTEX_POINT('',#4374);
#2141=VERTEX_POINT('',#4379);
#2142=VERTEX_POINT('',#4381);
#2143=VERTEX_POINT('',#4385);
#2144=VERTEX_POINT('',#4389);
#2145=VERTEX_POINT('',#4395);
#2146=VERTEX_POINT('',#4399);
#2147=VERTEX_POINT('',#4403);
#2148=VERTEX_POINT('',#4407);
#2149=VERTEX_POINT('',#4424);
#2150=VERTEX_POINT('',#4425);
#2151=VERTEX_POINT('',#4430);
#2152=VERTEX_POINT('',#4436);
#2153=VERTEX_POINT('',#4440);
#2154=VERTEX_POINT('',#4444);
#2155=VERTEX_POINT('',#4448);
#2156=VERTEX_POINT('',#4450);
#2157=VERTEX_POINT('',#4454);
#2158=VERTEX_POINT('',#4456);
#2159=VERTEX_POINT('',#4466);
#2160=VERTEX_POINT('',#4467);
#2161=VERTEX_POINT('',#4469);
#2162=VERTEX_POINT('',#4471);
#2163=VERTEX_POINT('',#4473);
#2164=VERTEX_POINT('',#4475);
#2165=VERTEX_POINT('',#4477);
#2166=VERTEX_POINT('',#4479);
#2167=VERTEX_POINT('',#4483);
#2168=VERTEX_POINT('',#4485);
#2169=VERTEX_POINT('',#4486);
#2170=VERTEX_POINT('',#4488);
#2171=VERTEX_POINT('',#4490);
#2172=VERTEX_POINT('',#4492);
#2173=VERTEX_POINT('',#4494);
#2174=VERTEX_POINT('',#4496);
#2175=VERTEX_POINT('',#4498);
#2176=VERTEX_POINT('',#4500);
#2177=VERTEX_POINT('',#4504);
#2178=VERTEX_POINT('',#4506);
#2179=VERTEX_POINT('',#4507);
#2180=VERTEX_POINT('',#4509);
#2181=VERTEX_POINT('',#4511);
#2182=VERTEX_POINT('',#4513);
#2183=VERTEX_POINT('',#4515);
#2184=VERTEX_POINT('',#4517);
#2185=VERTEX_POINT('',#4519);
#2186=VERTEX_POINT('',#4521);
#2187=VERTEX_POINT('',#4525);
#2188=VERTEX_POINT('',#4526);
#2189=VERTEX_POINT('',#4528);
#2190=VERTEX_POINT('',#4530);
#2191=VERTEX_POINT('',#4534);
#2192=VERTEX_POINT('',#4536);
#2193=VERTEX_POINT('',#4538);
#2194=VERTEX_POINT('',#4540);
#2195=VERTEX_POINT('',#4544);
#2196=VERTEX_POINT('',#4546);
#2197=VERTEX_POINT('',#4548);
#2198=VERTEX_POINT('',#4550);
#2199=VERTEX_POINT('',#4554);
#2200=VERTEX_POINT('',#4555);
#2201=VERTEX_POINT('',#4557);
#2202=VERTEX_POINT('',#4559);
#2203=VERTEX_POINT('',#4569);
#2204=VERTEX_POINT('',#4570);
#2205=VERTEX_POINT('',#4572);
#2206=VERTEX_POINT('',#4574);
#2207=VERTEX_POINT('',#4578);
#2208=VERTEX_POINT('',#4579);
#2209=VERTEX_POINT('',#4581);
#2210=VERTEX_POINT('',#4583);
#2211=VERTEX_POINT('',#4585);
#2212=VERTEX_POINT('',#4587);
#2213=VERTEX_POINT('',#4591);
#2214=VERTEX_POINT('',#4592);
#2215=VERTEX_POINT('',#4594);
#2216=VERTEX_POINT('',#4596);
#2217=VERTEX_POINT('',#4598);
#2218=VERTEX_POINT('',#4600);
#2219=VERTEX_POINT('',#4607);
#2220=VERTEX_POINT('',#4608);
#2221=VERTEX_POINT('',#4610);
#2222=VERTEX_POINT('',#4613);
#2223=VERTEX_POINT('',#4615);
#2224=VERTEX_POINT('',#4617);
#2225=VERTEX_POINT('',#4621);
#2226=VERTEX_POINT('',#4623);
#2227=VERTEX_POINT('',#4625);
#2228=VERTEX_POINT('',#4627);
#2229=VERTEX_POINT('',#4629);
#2230=VERTEX_POINT('',#4631);
#2231=VERTEX_POINT('',#4635);
#2232=VERTEX_POINT('',#4636);
#2233=VERTEX_POINT('',#4639);
#2234=VERTEX_POINT('',#4641);
#2235=VERTEX_POINT('',#4643);
#2236=VERTEX_POINT('',#4645);
#2237=VERTEX_POINT('',#4649);
#2238=VERTEX_POINT('',#4651);
#2239=VERTEX_POINT('',#4653);
#2240=VERTEX_POINT('',#4655);
#2241=VERTEX_POINT('',#4657);
#2242=VERTEX_POINT('',#4659);
#2243=VERTEX_POINT('',#4664);
#2244=VERTEX_POINT('',#4672);
#2245=VERTEX_POINT('',#4673);
#2246=VERTEX_POINT('',#4678);
#2247=VERTEX_POINT('',#4680);
#2248=VERTEX_POINT('',#4686);
#2249=VERTEX_POINT('',#4688);
#2250=VERTEX_POINT('',#4691);
#2251=VERTEX_POINT('',#4701);
#2252=VERTEX_POINT('',#4702);
#2253=VERTEX_POINT('',#4704);
#2254=VERTEX_POINT('',#4706);
#2255=VERTEX_POINT('',#4710);
#2256=VERTEX_POINT('',#4711);
#2257=VERTEX_POINT('',#4713);
#2258=VERTEX_POINT('',#4716);
#2259=VERTEX_POINT('',#4718);
#2260=VERTEX_POINT('',#4720);
#2261=VERTEX_POINT('',#4722);
#2262=VERTEX_POINT('',#4724);
#2263=VERTEX_POINT('',#4727);
#2264=VERTEX_POINT('',#4730);
#2265=VERTEX_POINT('',#4732);
#2266=VERTEX_POINT('',#4734);
#2267=VERTEX_POINT('',#4738);
#2268=VERTEX_POINT('',#4740);
#2269=VERTEX_POINT('',#4742);
#2270=VERTEX_POINT('',#4744);
#2271=VERTEX_POINT('',#4746);
#2272=VERTEX_POINT('',#4748);
#2273=VERTEX_POINT('',#4750);
#2274=VERTEX_POINT('',#4752);
#2275=VERTEX_POINT('',#4756);
#2276=VERTEX_POINT('',#4757);
#2277=VERTEX_POINT('',#4759);
#2278=VERTEX_POINT('',#4761);
#2279=VERTEX_POINT('',#4765);
#2280=VERTEX_POINT('',#4767);
#2281=VERTEX_POINT('',#4770);
#2282=VERTEX_POINT('',#4771);
#2283=VERTEX_POINT('',#4773);
#2284=VERTEX_POINT('',#4775);
#2285=VERTEX_POINT('',#4779);
#2286=VERTEX_POINT('',#4780);
#2287=VERTEX_POINT('',#4782);
#2288=VERTEX_POINT('',#4784);
#2289=VERTEX_POINT('',#4788);
#2290=VERTEX_POINT('',#4789);
#2291=VERTEX_POINT('',#4791);
#2292=VERTEX_POINT('',#4793);
#2293=VERTEX_POINT('',#4797);
#2294=VERTEX_POINT('',#4799);
#2295=VERTEX_POINT('',#4802);
#2296=VERTEX_POINT('',#4803);
#2297=VERTEX_POINT('',#4811);
#2298=VERTEX_POINT('',#4816);
#2299=VERTEX_POINT('',#4819);
#2300=VERTEX_POINT('',#4823);
#2301=VERTEX_POINT('',#4824);
#2302=VERTEX_POINT('',#4827);
#2303=VERTEX_POINT('',#4832);
#2304=VERTEX_POINT('',#4840);
#2305=VERTEX_POINT('',#4853);
#2306=VERTEX_POINT('',#4859);
#2307=VERTEX_POINT('',#4861);
#2308=VERTEX_POINT('',#4867);
#2309=VERTEX_POINT('',#4871);
#2310=VERTEX_POINT('',#4875);
#2311=VERTEX_POINT('',#4881);
#2312=VERTEX_POINT('',#4887);
#2313=VERTEX_POINT('',#4903);
#2314=VERTEX_POINT('',#4907);
#2315=VERTEX_POINT('',#4917);
#2316=VERTEX_POINT('',#4921);
#2317=VERTEX_POINT('',#4927);
#2318=VERTEX_POINT('',#4929);
#2319=VERTEX_POINT('',#4937);
#2320=VERTEX_POINT('',#4942);
#2321=VERTEX_POINT('',#4945);
#2322=VERTEX_POINT('',#4949);
#2323=VERTEX_POINT('',#4953);
#2324=VERTEX_POINT('',#4957);
#2325=VERTEX_POINT('',#4967);
#2326=VERTEX_POINT('',#4969);
#2327=CIRCLE('',#3055,0.0007);
#2328=CIRCLE('',#3057,0.0007);
#2329=CIRCLE('',#3059,0.0007);
#2330=CIRCLE('',#3060,0.0007);
#2331=CIRCLE('',#3062,0.0007);
#2332=CIRCLE('',#3063,0.0007);
#2333=CIRCLE('',#3065,0.001);
#2334=CIRCLE('',#3068,0.001);
#2335=CIRCLE('',#3070,0.00135);
#2336=CIRCLE('',#3071,0.00135);
#2337=CIRCLE('',#3072,0.00135);
#2338=CIRCLE('',#3073,0.00135);
#2339=CIRCLE('',#3078,0.001);
#2340=CIRCLE('',#3079,0.001);
#2341=CIRCLE('',#3085,0.006);
#2342=CIRCLE('',#3086,0.006);
#2343=CIRCLE('',#3091,0.001);
#2344=CIRCLE('',#3092,0.001);
#2345=CIRCLE('',#3095,0.00135);
#2346=CIRCLE('',#3098,0.00135);
#2347=CIRCLE('',#3103,0.00135);
#2348=CIRCLE('',#3106,0.0007);
#2349=CIRCLE('',#3109,0.00135);
#2350=CIRCLE('',#3112,0.0007);
#2351=CIRCLE('',#3118,0.006);
#2352=CIRCLE('',#3122,0.006);
#2353=CIRCLE('',#3143,0.001);
#2354=CIRCLE('',#3144,0.001);
#2355=CIRCLE('',#3151,0.0007);
#2356=CIRCLE('',#3153,0.0007);
#2357=CIRCLE('',#3159,0.0005);
#2358=CIRCLE('',#3160,0.0005);
#2359=CIRCLE('',#3162,0.0005);
#2360=CIRCLE('',#3163,0.0005);
#2361=CIRCLE('',#3175,0.00320156211871642);
#2362=CIRCLE('',#3176,0.00320156211871642);
#2363=CIRCLE('',#3178,0.00320156211871642);
#2364=CIRCLE('',#3179,0.00320156211871642);
#2365=CIRCLE('',#3186,0.006);
#2366=CIRCLE('',#3187,0.006);
#2367=CIRCLE('',#3190,0.00165);
#2368=CIRCLE('',#3191,0.00165);
#2369=CIRCLE('',#3196,0.00165);
#2370=CIRCLE('',#3197,0.00165);
#2371=CIRCLE('',#3200,0.006);
#2372=CIRCLE('',#3201,0.006);
#2373=CIRCLE('',#3203,0.006);
#2374=CIRCLE('',#3204,0.006);
#2375=CIRCLE('',#3207,0.002);
#2376=CIRCLE('',#3208,0.002);
#2377=CIRCLE('',#3209,0.002);
#2378=CIRCLE('',#3210,0.002);
#2379=CIRCLE('',#3211,0.002);
#2380=CIRCLE('',#3212,0.002);
#2381=CIRCLE('',#3222,0.002);
#2382=CIRCLE('',#3226,0.002);
#2383=CIRCLE('',#3233,0.002);
#2384=CIRCLE('',#3235,0.002);
#2385=CIRCLE('',#3237,0.002);
#2386=CIRCLE('',#3239,0.002);
#2387=CIRCLE('',#3243,0.002);
#2388=CIRCLE('',#3245,0.002);
#2389=CIRCLE('',#3255,0.0007);
#2390=CIRCLE('',#3258,0.0007);
#2391=CIRCLE('',#3260,0.0007);
#2392=CIRCLE('',#3263,0.0007);
#2393=CIRCLE('',#3266,0.0007);
#2394=CIRCLE('',#3269,0.0007);
#2395=EDGE_LOOP('',(#756));
#2396=EDGE_LOOP('',(#757,#758,#759,#760,#761,#762,#763,#764,#765));
#2397=EDGE_LOOP('',(#766));
#2398=EDGE_LOOP('',(#767,#768,#769,#770,#771,#772,#773,#774,#775));
#2399=EDGE_LOOP('',(#776));
#2400=EDGE_LOOP('',(#777));
#2401=EDGE_LOOP('',(#778));
#2402=EDGE_LOOP('',(#779));
#2403=EDGE_LOOP('',(#780));
#2404=EDGE_LOOP('',(#781,#782,#783,#784,#785,#786,#787));
#2405=EDGE_LOOP('',(#788,#789,#790,#791,#792,#793));
#2406=EDGE_LOOP('',(#794));
#2407=EDGE_LOOP('',(#795,#796,#797,#798,#799,#800,#801));
#2408=EDGE_LOOP('',(#802,#803,#804,#805,#806,#807,#808,#809,#810,#811,#812,
#813,#814,#815,#816,#817,#818,#819,#820,#821));
#2409=EDGE_LOOP('',(#822,#823,#824,#825,#826,#827,#828,#829,#830,#831,#832,
#833));
#2410=EDGE_LOOP('',(#834,#835,#836,#837,#838));
#2411=EDGE_LOOP('',(#839,#840,#841,#842));
#2412=EDGE_LOOP('',(#843,#844,#845,#846,#847,#848,#849,#850,#851,#852,#853,
#854,#855,#856));
#2413=EDGE_LOOP('',(#857,#858,#859,#860));
#2414=EDGE_LOOP('',(#861,#862,#863,#864,#865,#866));
#2415=EDGE_LOOP('',(#867,#868,#869,#870,#871));
#2416=EDGE_LOOP('',(#872,#873,#874,#875));
#2417=EDGE_LOOP('',(#876,#877,#878,#879,#880,#881,#882,#883,#884,#885,#886,
#887,#888,#889));
#2418=EDGE_LOOP('',(#890,#891,#892,#893));
#2419=EDGE_LOOP('',(#894,#895,#896,#897,#898,#899,#900,#901,#902,#903,#904,
#905));
#2420=EDGE_LOOP('',(#906,#907,#908,#909));
#2421=EDGE_LOOP('',(#910,#911,#912,#913,#914,#915,#916,#917,#918,#919));
#2422=EDGE_LOOP('',(#920,#921,#922,#923));
#2423=EDGE_LOOP('',(#924,#925,#926,#927));
#2424=EDGE_LOOP('',(#928,#929,#930,#931));
#2425=EDGE_LOOP('',(#932,#933,#934,#935));
#2426=EDGE_LOOP('',(#936,#937,#938,#939));
#2427=EDGE_LOOP('',(#940,#941,#942,#943));
#2428=EDGE_LOOP('',(#944,#945,#946,#947));
#2429=EDGE_LOOP('',(#948,#949,#950,#951));
#2430=EDGE_LOOP('',(#952,#953,#954,#955));
#2431=EDGE_LOOP('',(#956,#957,#958,#959,#960,#961));
#2432=EDGE_LOOP('',(#962));
#2433=EDGE_LOOP('',(#963,#964,#965,#966));
#2434=EDGE_LOOP('',(#967,#968,#969,#970));
#2435=EDGE_LOOP('',(#971,#972,#973,#974));
#2436=EDGE_LOOP('',(#975,#976,#977,#978,#979,#980));
#2437=EDGE_LOOP('',(#981));
#2438=EDGE_LOOP('',(#982));
#2439=EDGE_LOOP('',(#983));
#2440=EDGE_LOOP('',(#984));
#2441=EDGE_LOOP('',(#985));
#2442=EDGE_LOOP('',(#986,#987,#988,#989));
#2443=EDGE_LOOP('',(#990,#991,#992,#993));
#2444=EDGE_LOOP('',(#994,#995,#996,#997));
#2445=EDGE_LOOP('',(#998,#999,#1000,#1001));
#2446=EDGE_LOOP('',(#1002,#1003,#1004,#1005));
#2447=EDGE_LOOP('',(#1006,#1007,#1008,#1009));
#2448=EDGE_LOOP('',(#1010,#1011,#1012,#1013));
#2449=EDGE_LOOP('',(#1014,#1015,#1016,#1017));
#2450=EDGE_LOOP('',(#1018,#1019,#1020,#1021));
#2451=EDGE_LOOP('',(#1022,#1023,#1024,#1025,#1026,#1027,#1028,#1029,#1030,
#1031,#1032,#1033));
#2452=EDGE_LOOP('',(#1034,#1035,#1036,#1037));
#2453=EDGE_LOOP('',(#1038,#1039,#1040,#1041));
#2454=EDGE_LOOP('',(#1042,#1043,#1044,#1045));
#2455=EDGE_LOOP('',(#1046,#1047,#1048,#1049));
#2456=EDGE_LOOP('',(#1050,#1051,#1052,#1053));
#2457=EDGE_LOOP('',(#1054));
#2458=EDGE_LOOP('',(#1055));
#2459=EDGE_LOOP('',(#1056,#1057,#1058,#1059));
#2460=EDGE_LOOP('',(#1060,#1061,#1062,#1063,#1064));
#2461=EDGE_LOOP('',(#1065,#1066,#1067,#1068));
#2462=EDGE_LOOP('',(#1069,#1070,#1071));
#2463=EDGE_LOOP('',(#1072,#1073,#1074));
#2464=EDGE_LOOP('',(#1075,#1076,#1077,#1078));
#2465=EDGE_LOOP('',(#1079,#1080,#1081,#1082,#1083));
#2466=EDGE_LOOP('',(#1084,#1085,#1086,#1087,#1088,#1089,#1090,#1091,#1092,
#1093,#1094,#1095,#1096,#1097));
#2467=EDGE_LOOP('',(#1098,#1099,#1100,#1101));
#2468=EDGE_LOOP('',(#1102,#1103,#1104,#1105));
#2469=EDGE_LOOP('',(#1106,#1107,#1108,#1109,#1110));
#2470=EDGE_LOOP('',(#1111,#1112,#1113,#1114,#1115));
#2471=EDGE_LOOP('',(#1116,#1117,#1118,#1119,#1120,#1121,#1122,#1123));
#2472=EDGE_LOOP('',(#1124));
#2473=EDGE_LOOP('',(#1125,#1126,#1127,#1128,#1129,#1130,#1131,#1132,#1133));
#2474=EDGE_LOOP('',(#1134));
#2475=EDGE_LOOP('',(#1135,#1136,#1137,#1138,#1139,#1140,#1141,#1142,#1143));
#2476=EDGE_LOOP('',(#1144,#1145,#1146,#1147));
#2477=EDGE_LOOP('',(#1148,#1149,#1150,#1151,#1152,#1153));
#2478=EDGE_LOOP('',(#1154,#1155,#1156,#1157,#1158,#1159));
#2479=EDGE_LOOP('',(#1160,#1161,#1162,#1163));
#2480=EDGE_LOOP('',(#1164,#1165,#1166,#1167));
#2481=EDGE_LOOP('',(#1168,#1169,#1170,#1171));
#2482=EDGE_LOOP('',(#1172,#1173,#1174,#1175));
#2483=EDGE_LOOP('',(#1176,#1177,#1178,#1179,#1180,#1181));
#2484=EDGE_LOOP('',(#1182,#1183,#1184,#1185,#1186,#1187));
#2485=EDGE_LOOP('',(#1188,#1189,#1190,#1191));
#2486=EDGE_LOOP('',(#1192,#1193,#1194,#1195,#1196,#1197,#1198,#1199));
#2487=EDGE_LOOP('',(#1200,#1201,#1202,#1203,#1204,#1205,#1206,#1207));
#2488=EDGE_LOOP('',(#1208,#1209,#1210,#1211,#1212,#1213,#1214,#1215));
#2489=EDGE_LOOP('',(#1216,#1217,#1218,#1219,#1220,#1221,#1222,#1223));
#2490=EDGE_LOOP('',(#1224,#1225,#1226,#1227,#1228,#1229));
#2491=EDGE_LOOP('',(#1230,#1231,#1232,#1233,#1234,#1235,#1236,#1237));
#2492=EDGE_LOOP('',(#1238,#1239,#1240,#1241));
#2493=EDGE_LOOP('',(#1242,#1243,#1244,#1245));
#2494=EDGE_LOOP('',(#1246,#1247,#1248,#1249,#1250,#1251,#1252,#1253,#1254,
#1255,#1256,#1257,#1258,#1259,#1260,#1261));
#2495=EDGE_LOOP('',(#1262,#1263,#1264,#1265));
#2496=EDGE_LOOP('',(#1266,#1267,#1268,#1269,#1270,#1271));
#2497=EDGE_LOOP('',(#1272,#1273,#1274,#1275));
#2498=EDGE_LOOP('',(#1276,#1277,#1278,#1279,#1280,#1281,#1282,#1283,#1284,
#1285,#1286,#1287,#1288,#1289,#1290,#1291,#1292,#1293));
#2499=EDGE_LOOP('',(#1294,#1295,#1296,#1297,#1298,#1299,#1300,#1301,#1302,
#1303));
#2500=EDGE_LOOP('',(#1304,#1305,#1306,#1307));
#2501=EDGE_LOOP('',(#1308));
#2502=EDGE_LOOP('',(#1309));
#2503=EDGE_LOOP('',(#1310,#1311,#1312,#1313));
#2504=EDGE_LOOP('',(#1314,#1315,#1316,#1317));
#2505=EDGE_LOOP('',(#1318,#1319,#1320,#1321));
#2506=EDGE_LOOP('',(#1322));
#2507=EDGE_LOOP('',(#1323));
#2508=EDGE_LOOP('',(#1324,#1325,#1326,#1327,#1328,#1329,#1330,#1331,#1332,
#1333));
#2509=EDGE_LOOP('',(#1334,#1335,#1336,#1337,#1338,#1339,#1340,#1341,#1342,
#1343));
#2510=EDGE_LOOP('',(#1344,#1345,#1346,#1347,#1348,#1349,#1350,#1351,#1352,
#1353,#1354,#1355,#1356,#1357,#1358,#1359));
#2511=EDGE_LOOP('',(#1360));
#2512=EDGE_LOOP('',(#1361));
#2513=EDGE_LOOP('',(#1362,#1363,#1364,#1365));
#2514=EDGE_LOOP('',(#1366,#1367,#1368,#1369));
#2515=EDGE_LOOP('',(#1370,#1371,#1372,#1373));
#2516=EDGE_LOOP('',(#1374,#1375,#1376,#1377));
#2517=EDGE_LOOP('',(#1378,#1379,#1380,#1381));
#2518=EDGE_LOOP('',(#1382,#1383,#1384,#1385));
#2519=EDGE_LOOP('',(#1386,#1387,#1388,#1389));
#2520=EDGE_LOOP('',(#1390,#1391,#1392,#1393));
#2521=EDGE_LOOP('',(#1394,#1395,#1396,#1397,#1398));
#2522=EDGE_LOOP('',(#1399,#1400,#1401));
#2523=EDGE_LOOP('',(#1402,#1403,#1404,#1405,#1406));
#2524=EDGE_LOOP('',(#1407,#1408,#1409));
#2525=EDGE_LOOP('',(#1410,#1411,#1412,#1413));
#2526=EDGE_LOOP('',(#1414,#1415,#1416,#1417));
#2527=EDGE_LOOP('',(#1418,#1419,#1420,#1421));
#2528=EDGE_LOOP('',(#1422,#1423,#1424,#1425));
#2529=EDGE_LOOP('',(#1426,#1427,#1428,#1429));
#2530=EDGE_LOOP('',(#1430,#1431,#1432,#1433));
#2531=EDGE_LOOP('',(#1434,#1435,#1436,#1437,#1438));
#2532=EDGE_LOOP('',(#1439,#1440,#1441,#1442,#1443));
#2533=EDGE_LOOP('',(#1444,#1445,#1446,#1447));
#2534=EDGE_LOOP('',(#1448,#1449,#1450,#1451));
#2535=EDGE_LOOP('',(#1452,#1453,#1454,#1455));
#2536=EDGE_LOOP('',(#1456,#1457,#1458,#1459,#1460));
#2537=EDGE_LOOP('',(#1461,#1462,#1463,#1464,#1465));
#2538=EDGE_LOOP('',(#1466,#1467,#1468,#1469,#1470,#1471,#1472,#1473,#1474,
#1475,#1476,#1477));
#2539=EDGE_LOOP('',(#1478,#1479,#1480,#1481));
#2540=EDGE_LOOP('',(#1482,#1483,#1484,#1485));
#2541=EDGE_LOOP('',(#1486,#1487,#1488,#1489));
#2542=EDGE_LOOP('',(#1490));
#2543=EDGE_LOOP('',(#1491,#1492,#1493,#1494,#1495,#1496,#1497));
#2544=EDGE_LOOP('',(#1498,#1499,#1500,#1501));
#2545=EDGE_LOOP('',(#1502));
#2546=EDGE_LOOP('',(#1503,#1504,#1505,#1506,#1507,#1508,#1509));
#2547=EDGE_LOOP('',(#1510));
#2548=EDGE_LOOP('',(#1511));
#2549=EDGE_LOOP('',(#1512));
#2550=EDGE_LOOP('',(#1513));
#2551=EDGE_LOOP('',(#1514));
#2552=EDGE_LOOP('',(#1515));
#2553=EDGE_LOOP('',(#1516));
#2554=EDGE_LOOP('',(#1517));
#2555=EDGE_LOOP('',(#1518));
#2556=EDGE_LOOP('',(#1519));
#2557=EDGE_LOOP('',(#1520));
#2558=EDGE_LOOP('',(#1521));
#2559=EDGE_LOOP('',(#1522,#1523,#1524,#1525,#1526,#1527,#1528,#1529));
#2560=EDGE_LOOP('',(#1530));
#2561=EDGE_LOOP('',(#1531));
#2562=EDGE_LOOP('',(#1532,#1533,#1534,#1535,#1536,#1537,#1538,#1539));
#2563=EDGE_LOOP('',(#1540,#1541,#1542,#1543));
#2564=EDGE_LOOP('',(#1544,#1545,#1546,#1547));
#2565=EDGE_LOOP('',(#1548,#1549,#1550,#1551,#1552,#1553,#1554,#1555));
#2566=EDGE_LOOP('',(#1556,#1557,#1558,#1559,#1560,#1561,#1562,#1563,#1564,
#1565,#1566,#1567,#1568,#1569,#1570,#1571,#1572,#1573));
#2567=EDGE_LOOP('',(#1574,#1575,#1576,#1577));
#2568=EDGE_LOOP('',(#1578,#1579,#1580,#1581));
#2569=EDGE_LOOP('',(#1582,#1583,#1584,#1585));
#2570=EDGE_LOOP('',(#1586,#1587,#1588,#1589));
#2571=EDGE_LOOP('',(#1590,#1591,#1592,#1593));
#2572=EDGE_LOOP('',(#1594,#1595,#1596,#1597));
#2573=EDGE_LOOP('',(#1598,#1599,#1600,#1601));
#2574=EDGE_LOOP('',(#1602,#1603,#1604,#1605));
#2575=EDGE_LOOP('',(#1606,#1607,#1608,#1609));
#2576=FACE_BOUND('',#2395,.T.);
#2577=FACE_BOUND('',#2396,.T.);
#2578=FACE_BOUND('',#2397,.T.);
#2579=FACE_BOUND('',#2398,.T.);
#2580=FACE_BOUND('',#2399,.T.);
#2581=FACE_BOUND('',#2400,.T.);
#2582=FACE_BOUND('',#2401,.T.);
#2583=FACE_BOUND('',#2402,.T.);
#2584=FACE_BOUND('',#2403,.T.);
#2585=FACE_BOUND('',#2404,.T.);
#2586=FACE_BOUND('',#2405,.T.);
#2587=FACE_BOUND('',#2406,.T.);
#2588=FACE_BOUND('',#2407,.T.);
#2589=FACE_BOUND('',#2408,.T.);
#2590=FACE_BOUND('',#2409,.T.);
#2591=FACE_BOUND('',#2410,.T.);
#2592=FACE_BOUND('',#2411,.T.);
#2593=FACE_BOUND('',#2412,.T.);
#2594=FACE_BOUND('',#2413,.T.);
#2595=FACE_BOUND('',#2414,.T.);
#2596=FACE_BOUND('',#2415,.T.);
#2597=FACE_BOUND('',#2416,.T.);
#2598=FACE_BOUND('',#2417,.T.);
#2599=FACE_BOUND('',#2418,.T.);
#2600=FACE_BOUND('',#2419,.T.);
#2601=FACE_BOUND('',#2420,.T.);
#2602=FACE_BOUND('',#2421,.T.);
#2603=FACE_BOUND('',#2422,.T.);
#2604=FACE_BOUND('',#2423,.T.);
#2605=FACE_BOUND('',#2424,.T.);
#2606=FACE_BOUND('',#2425,.T.);
#2607=FACE_BOUND('',#2426,.T.);
#2608=FACE_BOUND('',#2427,.T.);
#2609=FACE_BOUND('',#2428,.T.);
#2610=FACE_BOUND('',#2429,.T.);
#2611=FACE_BOUND('',#2430,.T.);
#2612=FACE_BOUND('',#2431,.T.);
#2613=FACE_BOUND('',#2432,.T.);
#2614=FACE_BOUND('',#2433,.T.);
#2615=FACE_BOUND('',#2434,.T.);
#2616=FACE_BOUND('',#2435,.T.);
#2617=FACE_BOUND('',#2436,.T.);
#2618=FACE_BOUND('',#2437,.T.);
#2619=FACE_BOUND('',#2438,.T.);
#2620=FACE_BOUND('',#2439,.T.);
#2621=FACE_BOUND('',#2440,.T.);
#2622=FACE_BOUND('',#2441,.T.);
#2623=FACE_BOUND('',#2442,.T.);
#2624=FACE_BOUND('',#2443,.T.);
#2625=FACE_BOUND('',#2444,.T.);
#2626=FACE_BOUND('',#2445,.T.);
#2627=FACE_BOUND('',#2446,.T.);
#2628=FACE_BOUND('',#2447,.T.);
#2629=FACE_BOUND('',#2448,.T.);
#2630=FACE_BOUND('',#2449,.T.);
#2631=FACE_BOUND('',#2450,.T.);
#2632=FACE_BOUND('',#2451,.T.);
#2633=FACE_BOUND('',#2452,.T.);
#2634=FACE_BOUND('',#2453,.T.);
#2635=FACE_BOUND('',#2454,.T.);
#2636=FACE_BOUND('',#2455,.T.);
#2637=FACE_BOUND('',#2456,.T.);
#2638=FACE_BOUND('',#2457,.T.);
#2639=FACE_BOUND('',#2458,.T.);
#2640=FACE_BOUND('',#2459,.T.);
#2641=FACE_BOUND('',#2460,.T.);
#2642=FACE_BOUND('',#2461,.T.);
#2643=FACE_BOUND('',#2462,.T.);
#2644=FACE_BOUND('',#2463,.T.);
#2645=FACE_BOUND('',#2464,.T.);
#2646=FACE_BOUND('',#2465,.T.);
#2647=FACE_BOUND('',#2466,.T.);
#2648=FACE_BOUND('',#2467,.T.);
#2649=FACE_BOUND('',#2468,.T.);
#2650=FACE_BOUND('',#2469,.T.);
#2651=FACE_BOUND('',#2470,.T.);
#2652=FACE_BOUND('',#2471,.T.);
#2653=FACE_BOUND('',#2472,.T.);
#2654=FACE_BOUND('',#2473,.T.);
#2655=FACE_BOUND('',#2474,.T.);
#2656=FACE_BOUND('',#2475,.T.);
#2657=FACE_BOUND('',#2476,.T.);
#2658=FACE_BOUND('',#2477,.T.);
#2659=FACE_BOUND('',#2478,.T.);
#2660=FACE_BOUND('',#2479,.T.);
#2661=FACE_BOUND('',#2480,.T.);
#2662=FACE_BOUND('',#2481,.T.);
#2663=FACE_BOUND('',#2482,.T.);
#2664=FACE_BOUND('',#2483,.T.);
#2665=FACE_BOUND('',#2484,.T.);
#2666=FACE_BOUND('',#2485,.T.);
#2667=FACE_BOUND('',#2486,.T.);
#2668=FACE_BOUND('',#2487,.T.);
#2669=FACE_BOUND('',#2488,.T.);
#2670=FACE_BOUND('',#2489,.T.);
#2671=FACE_BOUND('',#2490,.T.);
#2672=FACE_BOUND('',#2491,.T.);
#2673=FACE_BOUND('',#2492,.T.);
#2674=FACE_BOUND('',#2493,.T.);
#2675=FACE_BOUND('',#2494,.T.);
#2676=FACE_BOUND('',#2495,.T.);
#2677=FACE_BOUND('',#2496,.T.);
#2678=FACE_BOUND('',#2497,.T.);
#2679=FACE_BOUND('',#2498,.T.);
#2680=FACE_BOUND('',#2499,.T.);
#2681=FACE_BOUND('',#2500,.T.);
#2682=FACE_BOUND('',#2501,.T.);
#2683=FACE_BOUND('',#2502,.T.);
#2684=FACE_BOUND('',#2503,.T.);
#2685=FACE_BOUND('',#2504,.T.);
#2686=FACE_BOUND('',#2505,.T.);
#2687=FACE_BOUND('',#2506,.T.);
#2688=FACE_BOUND('',#2507,.T.);
#2689=FACE_BOUND('',#2508,.T.);
#2690=FACE_BOUND('',#2509,.T.);
#2691=FACE_BOUND('',#2510,.T.);
#2692=FACE_BOUND('',#2511,.T.);
#2693=FACE_BOUND('',#2512,.T.);
#2694=FACE_BOUND('',#2513,.T.);
#2695=FACE_BOUND('',#2514,.T.);
#2696=FACE_BOUND('',#2515,.T.);
#2697=FACE_BOUND('',#2516,.T.);
#2698=FACE_BOUND('',#2517,.T.);
#2699=FACE_BOUND('',#2518,.T.);
#2700=FACE_BOUND('',#2519,.T.);
#2701=FACE_BOUND('',#2520,.T.);
#2702=FACE_BOUND('',#2521,.T.);
#2703=FACE_BOUND('',#2522,.T.);
#2704=FACE_BOUND('',#2523,.T.);
#2705=FACE_BOUND('',#2524,.T.);
#2706=FACE_BOUND('',#2525,.T.);
#2707=FACE_BOUND('',#2526,.T.);
#2708=FACE_BOUND('',#2527,.T.);
#2709=FACE_BOUND('',#2528,.T.);
#2710=FACE_BOUND('',#2529,.T.);
#2711=FACE_BOUND('',#2530,.T.);
#2712=FACE_BOUND('',#2531,.T.);
#2713=FACE_BOUND('',#2532,.T.);
#2714=FACE_BOUND('',#2533,.T.);
#2715=FACE_BOUND('',#2534,.T.);
#2716=FACE_BOUND('',#2535,.T.);
#2717=FACE_BOUND('',#2536,.T.);
#2718=FACE_BOUND('',#2537,.T.);
#2719=FACE_BOUND('',#2538,.T.);
#2720=FACE_BOUND('',#2539,.T.);
#2721=FACE_BOUND('',#2540,.T.);
#2722=FACE_BOUND('',#2541,.T.);
#2723=FACE_BOUND('',#2542,.T.);
#2724=FACE_BOUND('',#2543,.T.);
#2725=FACE_BOUND('',#2544,.T.);
#2726=FACE_BOUND('',#2545,.T.);
#2727=FACE_BOUND('',#2546,.T.);
#2728=FACE_BOUND('',#2547,.T.);
#2729=FACE_BOUND('',#2548,.T.);
#2730=FACE_BOUND('',#2549,.T.);
#2731=FACE_BOUND('',#2550,.T.);
#2732=FACE_BOUND('',#2551,.T.);
#2733=FACE_BOUND('',#2552,.T.);
#2734=FACE_BOUND('',#2553,.T.);
#2735=FACE_BOUND('',#2554,.T.);
#2736=FACE_BOUND('',#2555,.T.);
#2737=FACE_BOUND('',#2556,.T.);
#2738=FACE_BOUND('',#2557,.T.);
#2739=FACE_BOUND('',#2558,.T.);
#2740=FACE_BOUND('',#2559,.T.);
#2741=FACE_BOUND('',#2560,.T.);
#2742=FACE_BOUND('',#2561,.T.);
#2743=FACE_BOUND('',#2562,.T.);
#2744=FACE_BOUND('',#2563,.T.);
#2745=FACE_BOUND('',#2564,.T.);
#2746=FACE_BOUND('',#2565,.T.);
#2747=FACE_BOUND('',#2566,.T.);
#2748=FACE_BOUND('',#2567,.T.);
#2749=FACE_BOUND('',#2568,.T.);
#2750=FACE_BOUND('',#2569,.T.);
#2751=FACE_BOUND('',#2570,.T.);
#2752=FACE_BOUND('',#2571,.T.);
#2753=FACE_BOUND('',#2572,.T.);
#2754=FACE_BOUND('',#2573,.T.);
#2755=FACE_BOUND('',#2574,.T.);
#2756=FACE_BOUND('',#2575,.T.);
#2757=PLANE('',#3054);
#2758=PLANE('',#3056);
#2759=PLANE('',#3064);
#2760=PLANE('',#3066);
#2761=PLANE('',#3067);
#2762=PLANE('',#3069);
#2763=PLANE('',#3074);
#2764=PLANE('',#3075);
#2765=PLANE('',#3076);
#2766=PLANE('',#3077);
#2767=PLANE('',#3080);
#2768=PLANE('',#3081);
#2769=PLANE('',#3082);
#2770=PLANE('',#3083);
#2771=PLANE('',#3084);
#2772=PLANE('',#3087);
#2773=PLANE('',#3088);
#2774=PLANE('',#3089);
#2775=PLANE('',#3090);
#2776=PLANE('',#3093);
#2777=PLANE('',#3096);
#2778=PLANE('',#3099);
#2779=PLANE('',#3100);
#2780=PLANE('',#3101);
#2781=PLANE('',#3104);
#2782=PLANE('',#3105);
#2783=PLANE('',#3107);
#2784=PLANE('',#3110);
#2785=PLANE('',#3111);
#2786=PLANE('',#3115);
#2787=PLANE('',#3116);
#2788=PLANE('',#3119);
#2789=PLANE('',#3120);
#2790=PLANE('',#3123);
#2791=PLANE('',#3124);
#2792=PLANE('',#3125);
#2793=PLANE('',#3126);
#2794=PLANE('',#3127);
#2795=PLANE('',#3128);
#2796=PLANE('',#3131);
#2797=PLANE('',#3132);
#2798=PLANE('',#3133);
#2799=PLANE('',#3134);
#2800=PLANE('',#3135);
#2801=PLANE('',#3136);
#2802=PLANE('',#3137);
#2803=PLANE('',#3138);
#2804=PLANE('',#3139);
#2805=PLANE('',#3142);
#2806=PLANE('',#3145);
#2807=PLANE('',#3149);
#2808=PLANE('',#3150);
#2809=PLANE('',#3152);
#2810=PLANE('',#3154);
#2811=PLANE('',#3155);
#2812=PLANE('',#3156);
#2813=PLANE('',#3157);
#2814=PLANE('',#3164);
#2815=PLANE('',#3165);
#2816=PLANE('',#3166);
#2817=PLANE('',#3167);
#2818=PLANE('',#3168);
#2819=PLANE('',#3169);
#2820=PLANE('',#3170);
#2821=PLANE('',#3171);
#2822=PLANE('',#3172);
#2823=PLANE('',#3173);
#2824=PLANE('',#3180);
#2825=PLANE('',#3181);
#2826=PLANE('',#3182);
#2827=PLANE('',#3183);
#2828=PLANE('',#3184);
#2829=PLANE('',#3185);
#2830=PLANE('',#3188);
#2831=PLANE('',#3192);
#2832=PLANE('',#3193);
#2833=PLANE('',#3194);
#2834=PLANE('',#3206);
#2835=PLANE('',#3213);
#2836=PLANE('',#3214);
#2837=PLANE('',#3215);
#2838=PLANE('',#3216);
#2839=PLANE('',#3217);
#2840=PLANE('',#3218);
#2841=PLANE('',#3219);
#2842=PLANE('',#3220);
#2843=PLANE('',#3229);
#2844=PLANE('',#3230);
#2845=PLANE('',#3231);
#2846=PLANE('',#3246);
#2847=PLANE('',#3247);
#2848=PLANE('',#3248);
#2849=PLANE('',#3249);
#2850=PLANE('',#3250);
#2851=PLANE('',#3251);
#2852=PLANE('',#3252);
#2853=PLANE('',#3253);
#2854=PLANE('',#3254);
#2855=PLANE('',#3256);
#2856=PLANE('',#3257);
#2857=PLANE('',#3261);
#2858=PLANE('',#3264);
#2859=PLANE('',#3267);
#2860=PLANE('',#3270);
#2861=PLANE('',#3271);
#2862=PLANE('',#3272);
#2863=PLANE('',#3273);
#2864=PLANE('',#3274);
#2865=PLANE('',#3275);
#2866=PLANE('',#3276);
#2867=PLANE('',#3277);
#2868=PLANE('',#3278);
#2869=PLANE('',#3279);
#2870=PLANE('',#3280);
#2871=PLANE('',#3281);
#2872=PLANE('',#3282);
#2873=PLANE('',#3283);
#2874=PLANE('',#3284);
#2875=ADVANCED_FACE('',(#2576,#2577),#2757,.F.);
#2876=ADVANCED_FACE('',(#2578,#2579),#2758,.F.);
#2877=ADVANCED_FACE('',(#2580,#2581),#26,.F.);
#2878=ADVANCED_FACE('',(#2582,#2583),#27,.F.);
#2879=ADVANCED_FACE('',(#2584,#2585),#2759,.F.);
#2880=ADVANCED_FACE('',(#2586),#2760,.F.);
#2881=ADVANCED_FACE('',(#2587,#2588),#2761,.F.);
#2882=ADVANCED_FACE('',(#2589),#2762,.T.);
#2883=ADVANCED_FACE('',(#2590),#2763,.F.);
#2884=ADVANCED_FACE('',(#2591),#2764,.T.);
#2885=ADVANCED_FACE('',(#2592),#2765,.T.);
#2886=ADVANCED_FACE('',(#2593),#2766,.F.);
#2887=ADVANCED_FACE('',(#2594),#2767,.F.);
#2888=ADVANCED_FACE('',(#2595),#2768,.F.);
#2889=ADVANCED_FACE('',(#2596),#2769,.T.);
#2890=ADVANCED_FACE('',(#2597),#2770,.F.);
#2891=ADVANCED_FACE('',(#2598),#2771,.F.);
#2892=ADVANCED_FACE('',(#2599),#2772,.F.);
#2893=ADVANCED_FACE('',(#2600),#2773,.F.);
#2894=ADVANCED_FACE('',(#2601),#2774,.F.);
#2895=ADVANCED_FACE('',(#2602),#2775,.F.);
#2896=ADVANCED_FACE('',(#2603),#2776,.T.);
#2897=ADVANCED_FACE('',(#2604),#28,.F.);
#2898=ADVANCED_FACE('',(#2605),#2777,.F.);
#2899=ADVANCED_FACE('',(#2606),#29,.F.);
#2900=ADVANCED_FACE('',(#2607),#2778,.F.);
#2901=ADVANCED_FACE('',(#2608),#2779,.T.);
#2902=ADVANCED_FACE('',(#2609),#2780,.T.);
#2903=ADVANCED_FACE('',(#2610),#30,.F.);
#2904=ADVANCED_FACE('',(#2611),#2781,.F.);
#2905=ADVANCED_FACE('',(#2612,#2613),#2782,.T.);
#2906=ADVANCED_FACE('',(#2614),#2783,.T.);
#2907=ADVANCED_FACE('',(#2615),#31,.F.);
#2908=ADVANCED_FACE('',(#2616),#2784,.F.);
#2909=ADVANCED_FACE('',(#2617,#2618),#2785,.T.);
#2910=ADVANCED_FACE('',(#2619,#2620),#32,.F.);
#2911=ADVANCED_FACE('',(#2621,#2622),#33,.F.);
#2912=ADVANCED_FACE('',(#2623),#2786,.F.);
#2913=ADVANCED_FACE('',(#2624),#2787,.T.);
#2914=ADVANCED_FACE('',(#2625),#34,.T.);
#2915=ADVANCED_FACE('',(#2626),#2788,.T.);
#2916=ADVANCED_FACE('',(#2627),#2789,.T.);
#2917=ADVANCED_FACE('',(#2628),#35,.T.);
#2918=ADVANCED_FACE('',(#2629),#2790,.T.);
#2919=ADVANCED_FACE('',(#2630),#2791,.T.);
#2920=ADVANCED_FACE('',(#2631),#2792,.F.);
#2921=ADVANCED_FACE('',(#2632),#2793,.F.);
#2922=ADVANCED_FACE('',(#2633),#2794,.T.);
#2923=ADVANCED_FACE('',(#2634),#2795,.F.);
#2924=ADVANCED_FACE('',(#2635),#36,.T.);
#2925=ADVANCED_FACE('',(#2636),#37,.T.);
#2926=ADVANCED_FACE('',(#2637,#2638),#2796,.T.);
#2927=ADVANCED_FACE('',(#2639,#2640),#2797,.T.);
#2928=ADVANCED_FACE('',(#2641),#2798,.F.);
#2929=ADVANCED_FACE('',(#2642),#2799,.F.);
#2930=ADVANCED_FACE('',(#2643),#2800,.F.);
#2931=ADVANCED_FACE('',(#2644),#2801,.F.);
#2932=ADVANCED_FACE('',(#2645),#2802,.F.);
#2933=ADVANCED_FACE('',(#2646),#2803,.F.);
#2934=ADVANCED_FACE('',(#2647),#2804,.F.);
#2935=ADVANCED_FACE('',(#2648),#2805,.F.);
#2936=ADVANCED_FACE('',(#2649),#2806,.T.);
#2937=ADVANCED_FACE('',(#2650),#38,.T.);
#2938=ADVANCED_FACE('',(#2651),#39,.T.);
#2939=ADVANCED_FACE('',(#2652),#2807,.T.);
#2940=ADVANCED_FACE('',(#2653,#2654),#2808,.T.);
#2941=ADVANCED_FACE('',(#2655,#2656),#2809,.T.);
#2942=ADVANCED_FACE('',(#2657),#2810,.T.);
#2943=ADVANCED_FACE('',(#2658),#2811,.F.);
#2944=ADVANCED_FACE('',(#2659),#2812,.T.);
#2945=ADVANCED_FACE('',(#2660),#2813,.F.);
#2946=ADVANCED_FACE('',(#2661),#40,.F.);
#2947=ADVANCED_FACE('',(#2662),#41,.F.);
#2948=ADVANCED_FACE('',(#2663),#2814,.T.);
#2949=ADVANCED_FACE('',(#2664),#2815,.T.);
#2950=ADVANCED_FACE('',(#2665),#2816,.F.);
#2951=ADVANCED_FACE('',(#2666),#2817,.F.);
#2952=ADVANCED_FACE('',(#2667),#2818,.F.);
#2953=ADVANCED_FACE('',(#2668),#2819,.T.);
#2954=ADVANCED_FACE('',(#2669),#2820,.F.);
#2955=ADVANCED_FACE('',(#2670),#2821,.T.);
#2956=ADVANCED_FACE('',(#2671),#2822,.T.);
#2957=ADVANCED_FACE('',(#2672),#2823,.T.);
#2958=ADVANCED_FACE('',(#2673),#42,.F.);
#2959=ADVANCED_FACE('',(#2674),#43,.F.);
#2960=ADVANCED_FACE('',(#2675),#2824,.T.);
#2961=ADVANCED_FACE('',(#2676),#2825,.T.);
#2962=ADVANCED_FACE('',(#2677),#2826,.T.);
#2963=ADVANCED_FACE('',(#2678),#2827,.F.);
#2964=ADVANCED_FACE('',(#2679),#2828,.F.);
#2965=ADVANCED_FACE('',(#2680),#2829,.T.);
#2966=ADVANCED_FACE('',(#2681),#2830,.F.);
#2967=ADVANCED_FACE('',(#2682,#2683),#44,.F.);
#2968=ADVANCED_FACE('',(#2684),#2831,.T.);
#2969=ADVANCED_FACE('',(#2685),#2832,.F.);
#2970=ADVANCED_FACE('',(#2686),#2833,.T.);
#2971=ADVANCED_FACE('',(#2687,#2688),#45,.F.);
#2972=ADVANCED_FACE('',(#2689),#46,.F.);
#2973=ADVANCED_FACE('',(#2690),#47,.F.);
#2974=ADVANCED_FACE('',(#2691,#2692,#2693),#2834,.F.);
#2975=ADVANCED_FACE('',(#2694),#2835,.T.);
#2976=ADVANCED_FACE('',(#2695),#2836,.T.);
#2977=ADVANCED_FACE('',(#2696),#2837,.F.);
#2978=ADVANCED_FACE('',(#2697),#2838,.F.);
#2979=ADVANCED_FACE('',(#2698),#2839,.F.);
#2980=ADVANCED_FACE('',(#2699),#2840,.F.);
#2981=ADVANCED_FACE('',(#2700),#2841,.T.);
#2982=ADVANCED_FACE('',(#2701),#2842,.T.);
#2983=ADVANCED_FACE('',(#2702),#48,.F.);
#2984=ADVANCED_FACE('',(#2703),#49,.F.);
#2985=ADVANCED_FACE('',(#2704),#50,.F.);
#2986=ADVANCED_FACE('',(#2705),#51,.F.);
#2987=ADVANCED_FACE('',(#2706),#2843,.T.);
#2988=ADVANCED_FACE('',(#2707),#2844,.T.);
#2989=ADVANCED_FACE('',(#2708),#2845,.T.);
#2990=ADVANCED_FACE('',(#2709),#52,.T.);
#2991=ADVANCED_FACE('',(#2710),#53,.T.);
#2992=ADVANCED_FACE('',(#2711),#54,.T.);
#2993=ADVANCED_FACE('',(#2712),#55,.F.);
#2994=ADVANCED_FACE('',(#2713),#56,.F.);
#2995=ADVANCED_FACE('',(#2714),#57,.T.);
#2996=ADVANCED_FACE('',(#2715),#2846,.F.);
#2997=ADVANCED_FACE('',(#2716),#2847,.T.);
#2998=ADVANCED_FACE('',(#2717),#2848,.T.);
#2999=ADVANCED_FACE('',(#2718),#2849,.F.);
#3000=ADVANCED_FACE('',(#2719),#2850,.T.);
#3001=ADVANCED_FACE('',(#2720),#2851,.F.);
#3002=ADVANCED_FACE('',(#2721),#2852,.F.);
#3003=ADVANCED_FACE('',(#2722),#2853,.F.);
#3004=ADVANCED_FACE('',(#2723,#2724),#2854,.F.);
#3005=ADVANCED_FACE('',(#2725),#2855,.T.);
#3006=ADVANCED_FACE('',(#2726,#2727),#2856,.T.);
#3007=ADVANCED_FACE('',(#2728,#2729),#58,.F.);
#3008=ADVANCED_FACE('',(#2730),#2857,.T.);
#3009=ADVANCED_FACE('',(#2731,#2732),#59,.F.);
#3010=ADVANCED_FACE('',(#2733),#2858,.T.);
#3011=ADVANCED_FACE('',(#2734,#2735),#60,.F.);
#3012=ADVANCED_FACE('',(#2736),#2859,.T.);
#3013=ADVANCED_FACE('',(#2737,#2738),#61,.F.);
#3014=ADVANCED_FACE('',(#2739),#2860,.T.);
#3015=ADVANCED_FACE('',(#2740,#2741),#2861,.T.);
#3016=ADVANCED_FACE('',(#2742,#2743),#2862,.T.);
#3017=ADVANCED_FACE('',(#2744),#2863,.T.);
#3018=ADVANCED_FACE('',(#2745),#2864,.F.);
#3019=ADVANCED_FACE('',(#2746,#2747),#2865,.T.);
#3020=ADVANCED_FACE('',(#2748),#2866,.F.);
#3021=ADVANCED_FACE('',(#2749),#2867,.T.);
#3022=ADVANCED_FACE('',(#2750),#2868,.T.);
#3023=ADVANCED_FACE('',(#2751),#2869,.F.);
#3024=ADVANCED_FACE('',(#2752),#2870,.F.);
#3025=ADVANCED_FACE('',(#2753),#2871,.T.);
#3026=ADVANCED_FACE('',(#2754),#2872,.T.);
#3027=ADVANCED_FACE('',(#2755),#2873,.F.);
#3028=ADVANCED_FACE('',(#2756),#2874,.T.);
#3029=CLOSED_SHELL('',(#2875,#2876,#2877,#2878,#2879,#2880,#2881,#2882,
#2883,#2884,#2885,#2886,#2887,#2888,#2889,#2890,#2891,#2892,#2893,#2894,
#2895,#2896,#2897,#2898,#2899,#2900,#2901,#2902,#2903,#2904,#2905,#2906,
#2907,#2908,#2909,#2910,#2911,#2912,#2913,#2914,#2915,#2916,#2917,#2918,
#2919,#2920,#2921,#2922,#2923,#2924,#2925,#2926,#2927,#2928,#2929,#2930,
#2931,#2932,#2933,#2934,#2935,#2936,#2937,#2938));
#3030=CLOSED_SHELL('',(#2939,#2940,#2941,#2942,#2943,#2944,#2945,#2946,
#2947,#2948,#2949,#2950,#2951,#2952,#2953,#2954,#2955,#2956,#2957,#2958,
#2959,#2960,#2961,#2962,#2963,#2964,#2965,#2966,#2967,#2968,#2969,#2970,
#2971,#2972,#2973,#2974,#2975,#2976,#2977,#2978,#2979,#2980,#2981,#2982,
#2983,#2984,#2985,#2986,#2987,#2988,#2989,#2990,#2991,#2992,#2993,#2994,
#2995,#2996,#2997,#2998,#2999,#3000,#3001,#3002,#3003,#3004,#3005,#3006,
#3007,#3008,#3009,#3010,#3011,#3012,#3013,#3014,#3015,#3016,#3017,#3018,
#3019,#3020,#3021,#3022,#3023,#3024,#3025,#3026,#3027,#3028));
#3031=STYLED_ITEM('',(#3033),#3047);
#3032=STYLED_ITEM('',(#3034),#3048);
#3033=PRESENTATION_STYLE_ASSIGNMENT((#3035));
#3034=PRESENTATION_STYLE_ASSIGNMENT((#3036));
#3035=SURFACE_STYLE_USAGE(.BOTH.,#3037);
#3036=SURFACE_STYLE_USAGE(.BOTH.,#3038);
#3037=SURFACE_SIDE_STYLE('',(#3039));
#3038=SURFACE_SIDE_STYLE('',(#3040));
#3039=SURFACE_STYLE_FILL_AREA(#3041);
#3040=SURFACE_STYLE_FILL_AREA(#3042);
#3041=FILL_AREA_STYLE('',(#3043));
#3042=FILL_AREA_STYLE('',(#3044));
#3043=FILL_AREA_STYLE_COLOUR('',#3045);
#3044=FILL_AREA_STYLE_COLOUR('',#3046);
#3045=COLOUR_RGB('',0.647058823529412,0.647058823529412,0.647058823529412);
#3046=COLOUR_RGB('',0.615686274509804,0.811764705882353,0.929411764705882);
#3047=MANIFOLD_SOLID_BREP('\X2\0414\X0\2-2 Top cover',#3029);
#3048=MANIFOLD_SOLID_BREP('\X2\0414\X0\2-1 Body',#3030);
#3049=SHAPE_DEFINITION_REPRESENTATION(#4997,#3051);
#3050=SHAPE_DEFINITION_REPRESENTATION(#4998,#3052);
#3051=SHAPE_REPRESENTATION('?2-2 Top cover',(#3053),#4987);
#3052=SHAPE_REPRESENTATION('?2-1 Body',(#3148),#4988);
#3053=AXIS2_PLACEMENT_3D('',#4096,#3285,#3286);
#3054=AXIS2_PLACEMENT_3D('',#4097,#3287,#3288);
#3055=AXIS2_PLACEMENT_3D('',#4098,#3289,#3290);
#3056=AXIS2_PLACEMENT_3D('',#4118,#3300,#3301);
#3057=AXIS2_PLACEMENT_3D('',#4119,#3302,#3303);
#3058=AXIS2_PLACEMENT_3D('',#4139,#3313,#3314);
#3059=AXIS2_PLACEMENT_3D('',#4140,#3315,#3316);
#3060=AXIS2_PLACEMENT_3D('',#4142,#3317,#3318);
#3061=AXIS2_PLACEMENT_3D('',#4144,#3319,#3320);
#3062=AXIS2_PLACEMENT_3D('',#4145,#3321,#3322);
#3063=AXIS2_PLACEMENT_3D('',#4147,#3323,#3324);
#3064=AXIS2_PLACEMENT_3D('',#4149,#3325,#3326);
#3065=AXIS2_PLACEMENT_3D('',#4153,#3328,#3329);
#3066=AXIS2_PLACEMENT_3D('',#4164,#3335,#3336);
#3067=AXIS2_PLACEMENT_3D('',#4171,#3341,#3342);
#3068=AXIS2_PLACEMENT_3D('',#4175,#3344,#3345);
#3069=AXIS2_PLACEMENT_3D('',#4186,#3351,#3352);
#3070=AXIS2_PLACEMENT_3D('',#4194,#3356,#3357);
#3071=AXIS2_PLACEMENT_3D('',#4202,#3361,#3362);
#3072=AXIS2_PLACEMENT_3D('',#4218,#3370,#3371);
#3073=AXIS2_PLACEMENT_3D('',#4226,#3375,#3376);
#3074=AXIS2_PLACEMENT_3D('',#4227,#3377,#3378);
#3075=AXIS2_PLACEMENT_3D('',#4239,#3386,#3387);
#3076=AXIS2_PLACEMENT_3D('',#4245,#3391,#3392);
#3077=AXIS2_PLACEMENT_3D('',#4251,#3396,#3397);
#3078=AXIS2_PLACEMENT_3D('',#4255,#3399,#3400);
#3079=AXIS2_PLACEMENT_3D('',#4270,#3409,#3410);
#3080=AXIS2_PLACEMENT_3D('',#4271,#3411,#3412);
#3081=AXIS2_PLACEMENT_3D('',#4273,#3414,#3415);
#3082=AXIS2_PLACEMENT_3D('',#4280,#3420,#3421);
#3083=AXIS2_PLACEMENT_3D('',#4283,#3424,#3425);
#3084=AXIS2_PLACEMENT_3D('',#4285,#3427,#3428);
#3085=AXIS2_PLACEMENT_3D('',#4288,#3430,#3431);
#3086=AXIS2_PLACEMENT_3D('',#4300,#3437,#3438);
#3087=AXIS2_PLACEMENT_3D('',#4304,#3441,#3442);
#3088=AXIS2_PLACEMENT_3D('',#4306,#3444,#3445);
#3089=AXIS2_PLACEMENT_3D('',#4317,#3452,#3453);
#3090=AXIS2_PLACEMENT_3D('',#4319,#3455,#3456);
#3091=AXIS2_PLACEMENT_3D('',#4320,#3457,#3458);
#3092=AXIS2_PLACEMENT_3D('',#4328,#3462,#3463);
#3093=AXIS2_PLACEMENT_3D('',#4329,#3464,#3465);
#3094=AXIS2_PLACEMENT_3D('',#4333,#3468,#3469);
#3095=AXIS2_PLACEMENT_3D('',#4336,#3471,#3472);
#3096=AXIS2_PLACEMENT_3D('',#4337,#3473,#3474);
#3097=AXIS2_PLACEMENT_3D('',#4339,#3476,#3477);
#3098=AXIS2_PLACEMENT_3D('',#4342,#3479,#3480);
#3099=AXIS2_PLACEMENT_3D('',#4345,#3482,#3483);
#3100=AXIS2_PLACEMENT_3D('',#4347,#3485,#3486);
#3101=AXIS2_PLACEMENT_3D('',#4349,#3488,#3489);
#3102=AXIS2_PLACEMENT_3D('',#4353,#3492,#3493);
#3103=AXIS2_PLACEMENT_3D('',#4356,#3495,#3496);
#3104=AXIS2_PLACEMENT_3D('',#4357,#3497,#3498);
#3105=AXIS2_PLACEMENT_3D('',#4359,#3500,#3501);
#3106=AXIS2_PLACEMENT_3D('',#4360,#3502,#3503);
#3107=AXIS2_PLACEMENT_3D('',#4362,#3504,#3505);
#3108=AXIS2_PLACEMENT_3D('',#4366,#3508,#3509);
#3109=AXIS2_PLACEMENT_3D('',#4369,#3511,#3512);
#3110=AXIS2_PLACEMENT_3D('',#4370,#3513,#3514);
#3111=AXIS2_PLACEMENT_3D('',#4372,#3516,#3517);
#3112=AXIS2_PLACEMENT_3D('',#4373,#3518,#3519);
#3113=AXIS2_PLACEMENT_3D('',#4375,#3520,#3521);
#3114=AXIS2_PLACEMENT_3D('',#4376,#3522,#3523);
#3115=AXIS2_PLACEMENT_3D('',#4377,#3524,#3525);
#3116=AXIS2_PLACEMENT_3D('',#4383,#3529,#3530);
#3117=AXIS2_PLACEMENT_3D('',#4387,#3533,#3534);
#3118=AXIS2_PLACEMENT_3D('',#4388,#3535,#3536);
#3119=AXIS2_PLACEMENT_3D('',#4391,#3538,#3539);
#3120=AXIS2_PLACEMENT_3D('',#4393,#3541,#3542);
#3121=AXIS2_PLACEMENT_3D('',#4397,#3545,#3546);
#3122=AXIS2_PLACEMENT_3D('',#4398,#3547,#3548);
#3123=AXIS2_PLACEMENT_3D('',#4401,#3550,#3551);
#3124=AXIS2_PLACEMENT_3D('',#4405,#3554,#3555);
#3125=AXIS2_PLACEMENT_3D('',#4409,#3558,#3559);
#3126=AXIS2_PLACEMENT_3D('',#4411,#3561,#3562);
#3127=AXIS2_PLACEMENT_3D('',#4414,#3565,#3566);
#3128=AXIS2_PLACEMENT_3D('',#4416,#3568,#3569);
#3129=AXIS2_PLACEMENT_3D('',#4418,#3571,#3572);
#3130=AXIS2_PLACEMENT_3D('',#4419,#3573,#3574);
#3131=AXIS2_PLACEMENT_3D('',#4420,#3575,#3576);
#3132=AXIS2_PLACEMENT_3D('',#4421,#3577,#3578);
#3133=AXIS2_PLACEMENT_3D('',#4422,#3579,#3580);
#3134=AXIS2_PLACEMENT_3D('',#4428,#3584,#3585);
#3135=AXIS2_PLACEMENT_3D('',#4432,#3588,#3589);
#3136=AXIS2_PLACEMENT_3D('',#4434,#3591,#3592);
#3137=AXIS2_PLACEMENT_3D('',#4438,#3595,#3596);
#3138=AXIS2_PLACEMENT_3D('',#4442,#3599,#3600);
#3139=AXIS2_PLACEMENT_3D('',#4446,#3603,#3604);
#3140=AXIS2_PLACEMENT_3D('',#4447,#3605,#3606);
#3141=AXIS2_PLACEMENT_3D('',#4451,#3608,#3609);
#3142=AXIS2_PLACEMENT_3D('',#4452,#3610,#3611);
#3143=AXIS2_PLACEMENT_3D('',#4453,#3612,#3613);
#3144=AXIS2_PLACEMENT_3D('',#4457,#3615,#3616);
#3145=AXIS2_PLACEMENT_3D('',#4458,#3617,#3618);
#3146=AXIS2_PLACEMENT_3D('',#4461,#3621,#3622);
#3147=AXIS2_PLACEMENT_3D('',#4462,#3623,#3624);
#3148=AXIS2_PLACEMENT_3D('',#4463,#3625,#3626);
#3149=AXIS2_PLACEMENT_3D('',#4464,#3627,#3628);
#3150=AXIS2_PLACEMENT_3D('',#4481,#3637,#3638);
#3151=AXIS2_PLACEMENT_3D('',#4482,#3639,#3640);
#3152=AXIS2_PLACEMENT_3D('',#4502,#3650,#3651);
#3153=AXIS2_PLACEMENT_3D('',#4503,#3652,#3653);
#3154=AXIS2_PLACEMENT_3D('',#4523,#3663,#3664);
#3155=AXIS2_PLACEMENT_3D('',#4532,#3669,#3670);
#3156=AXIS2_PLACEMENT_3D('',#4542,#3676,#3677);
#3157=AXIS2_PLACEMENT_3D('',#4552,#3683,#3684);
#3158=AXIS2_PLACEMENT_3D('',#4561,#3689,#3690);
#3159=AXIS2_PLACEMENT_3D('',#4562,#3691,#3692);
#3160=AXIS2_PLACEMENT_3D('',#4563,#3693,#3694);
#3161=AXIS2_PLACEMENT_3D('',#4564,#3695,#3696);
#3162=AXIS2_PLACEMENT_3D('',#4565,#3697,#3698);
#3163=AXIS2_PLACEMENT_3D('',#4566,#3699,#3700);
#3164=AXIS2_PLACEMENT_3D('',#4567,#3701,#3702);
#3165=AXIS2_PLACEMENT_3D('',#4576,#3707,#3708);
#3166=AXIS2_PLACEMENT_3D('',#4589,#3715,#3716);
#3167=AXIS2_PLACEMENT_3D('',#4602,#3723,#3724);
#3168=AXIS2_PLACEMENT_3D('',#4605,#3727,#3728);
#3169=AXIS2_PLACEMENT_3D('',#4619,#3736,#3737);
#3170=AXIS2_PLACEMENT_3D('',#4633,#3745,#3746);
#3171=AXIS2_PLACEMENT_3D('',#4647,#3754,#3755);
#3172=AXIS2_PLACEMENT_3D('',#4661,#3763,#3764);
#3173=AXIS2_PLACEMENT_3D('',#4666,#3768,#3769);
#3174=AXIS2_PLACEMENT_3D('',#4670,#3773,#3774);
#3175=AXIS2_PLACEMENT_3D('',#4674,#3776,#3777);
#3176=AXIS2_PLACEMENT_3D('',#4675,#3778,#3779);
#3177=AXIS2_PLACEMENT_3D('',#4676,#3780,#3781);
#3178=AXIS2_PLACEMENT_3D('',#4677,#3782,#3783);
#3179=AXIS2_PLACEMENT_3D('',#4681,#3785,#3786);
#3180=AXIS2_PLACEMENT_3D('',#4682,#3787,#3788);
#3181=AXIS2_PLACEMENT_3D('',#4694,#3797,#3798);
#3182=AXIS2_PLACEMENT_3D('',#4696,#3800,#3801);
#3183=AXIS2_PLACEMENT_3D('',#4699,#3804,#3805);
#3184=AXIS2_PLACEMENT_3D('',#4708,#3810,#3811);
#3185=AXIS2_PLACEMENT_3D('',#4736,#3827,#3828);
#3186=AXIS2_PLACEMENT_3D('',#4737,#3829,#3830);
#3187=AXIS2_PLACEMENT_3D('',#4753,#3838,#3839);
#3188=AXIS2_PLACEMENT_3D('',#4754,#3840,#3841);
#3189=AXIS2_PLACEMENT_3D('',#4763,#3846,#3847);
#3190=AXIS2_PLACEMENT_3D('',#4764,#3848,#3849);
#3191=AXIS2_PLACEMENT_3D('',#4766,#3850,#3851);
#3192=AXIS2_PLACEMENT_3D('',#4768,#3852,#3853);
#3193=AXIS2_PLACEMENT_3D('',#4777,#3858,#3859);
#3194=AXIS2_PLACEMENT_3D('',#4786,#3864,#3865);
#3195=AXIS2_PLACEMENT_3D('',#4795,#3870,#3871);
#3196=AXIS2_PLACEMENT_3D('',#4796,#3872,#3873);
#3197=AXIS2_PLACEMENT_3D('',#4798,#3874,#3875);
#3198=AXIS2_PLACEMENT_3D('',#4800,#3876,#3877);
#3199=AXIS2_PLACEMENT_3D('',#4801,#3878,#3879);
#3200=AXIS2_PLACEMENT_3D('',#4804,#3880,#3881);
#3201=AXIS2_PLACEMENT_3D('',#4818,#3883,#3884);
#3202=AXIS2_PLACEMENT_3D('',#4821,#3886,#3887);
#3203=AXIS2_PLACEMENT_3D('',#4825,#3889,#3890);
#3204=AXIS2_PLACEMENT_3D('',#4839,#3892,#3893);
#3205=AXIS2_PLACEMENT_3D('',#4841,#3894,#3895);
#3206=AXIS2_PLACEMENT_3D('',#4842,#3896,#3897);
#3207=AXIS2_PLACEMENT_3D('',#4844,#3899,#3900);
#3208=AXIS2_PLACEMENT_3D('',#4845,#3901,#3902);
#3209=AXIS2_PLACEMENT_3D('',#4846,#3903,#3904);
#3210=AXIS2_PLACEMENT_3D('',#4847,#3905,#3906);
#3211=AXIS2_PLACEMENT_3D('',#4848,#3907,#3908);
#3212=AXIS2_PLACEMENT_3D('',#4849,#3909,#3910);
#3213=AXIS2_PLACEMENT_3D('',#4851,#3912,#3913);
#3214=AXIS2_PLACEMENT_3D('',#4855,#3916,#3917);
#3215=AXIS2_PLACEMENT_3D('',#4857,#3919,#3920);
#3216=AXIS2_PLACEMENT_3D('',#4863,#3924,#3925);
#3217=AXIS2_PLACEMENT_3D('',#4865,#3927,#3928);
#3218=AXIS2_PLACEMENT_3D('',#4869,#3931,#3932);
#3219=AXIS2_PLACEMENT_3D('',#4873,#3935,#3936);
#3220=AXIS2_PLACEMENT_3D('',#4877,#3939,#3940);
#3221=AXIS2_PLACEMENT_3D('',#4879,#3942,#3943);
#3222=AXIS2_PLACEMENT_3D('',#4882,#3945,#3946);
#3223=AXIS2_PLACEMENT_3D('',#4883,#3947,#3948);
#3224=AXIS2_PLACEMENT_3D('',#4884,#3949,#3950);
#3225=AXIS2_PLACEMENT_3D('',#4885,#3951,#3952);
#3226=AXIS2_PLACEMENT_3D('',#4886,#3953,#3954);
#3227=AXIS2_PLACEMENT_3D('',#4889,#3956,#3957);
#3228=AXIS2_PLACEMENT_3D('',#4890,#3958,#3959);
#3229=AXIS2_PLACEMENT_3D('',#4891,#3960,#3961);
#3230=AXIS2_PLACEMENT_3D('',#4892,#3962,#3963);
#3231=AXIS2_PLACEMENT_3D('',#4894,#3965,#3966);
#3232=AXIS2_PLACEMENT_3D('',#4895,#3967,#3968);
#3233=AXIS2_PLACEMENT_3D('',#4896,#3969,#3970);
#3234=AXIS2_PLACEMENT_3D('',#4897,#3971,#3972);
#3235=AXIS2_PLACEMENT_3D('',#4898,#3973,#3974);
#3236=AXIS2_PLACEMENT_3D('',#4899,#3975,#3976);
#3237=AXIS2_PLACEMENT_3D('',#4900,#3977,#3978);
#3238=AXIS2_PLACEMENT_3D('',#4901,#3979,#3980);
#3239=AXIS2_PLACEMENT_3D('',#4902,#3981,#3982);
#3240=AXIS2_PLACEMENT_3D('',#4904,#3983,#3984);
#3241=AXIS2_PLACEMENT_3D('',#4905,#3985,#3986);
#3242=AXIS2_PLACEMENT_3D('',#4906,#3987,#3988);
#3243=AXIS2_PLACEMENT_3D('',#4908,#3989,#3990);
#3244=AXIS2_PLACEMENT_3D('',#4909,#3991,#3992);
#3245=AXIS2_PLACEMENT_3D('',#4910,#3993,#3994);
#3246=AXIS2_PLACEMENT_3D('',#4911,#3995,#3996);
#3247=AXIS2_PLACEMENT_3D('',#4913,#3998,#3999);
#3248=AXIS2_PLACEMENT_3D('',#4915,#4001,#4002);
#3249=AXIS2_PLACEMENT_3D('',#4919,#4005,#4006);
#3250=AXIS2_PLACEMENT_3D('',#4923,#4009,#4010);
#3251=AXIS2_PLACEMENT_3D('',#4931,#4016,#4017);
#3252=AXIS2_PLACEMENT_3D('',#4932,#4018,#4019);
#3253=AXIS2_PLACEMENT_3D('',#4933,#4020,#4021);
#3254=AXIS2_PLACEMENT_3D('',#4935,#4023,#4024);
#3255=AXIS2_PLACEMENT_3D('',#4936,#4025,#4026);
#3256=AXIS2_PLACEMENT_3D('',#4938,#4027,#4028);
#3257=AXIS2_PLACEMENT_3D('',#4940,#4030,#4031);
#3258=AXIS2_PLACEMENT_3D('',#4941,#4032,#4033);
#3259=AXIS2_PLACEMENT_3D('',#4943,#4034,#4035);
#3260=AXIS2_PLACEMENT_3D('',#4944,#4036,#4037);
#3261=AXIS2_PLACEMENT_3D('',#4946,#4038,#4039);
#3262=AXIS2_PLACEMENT_3D('',#4947,#4040,#4041);
#3263=AXIS2_PLACEMENT_3D('',#4948,#4042,#4043);
#3264=AXIS2_PLACEMENT_3D('',#4950,#4044,#4045);
#3265=AXIS2_PLACEMENT_3D('',#4951,#4046,#4047);
#3266=AXIS2_PLACEMENT_3D('',#4952,#4048,#4049);
#3267=AXIS2_PLACEMENT_3D('',#4954,#4050,#4051);
#3268=AXIS2_PLACEMENT_3D('',#4955,#4052,#4053);
#3269=AXIS2_PLACEMENT_3D('',#4956,#4054,#4055);
#3270=AXIS2_PLACEMENT_3D('',#4958,#4056,#4057);
#3271=AXIS2_PLACEMENT_3D('',#4959,#4058,#4059);
#3272=AXIS2_PLACEMENT_3D('',#4961,#4061,#4062);
#3273=AXIS2_PLACEMENT_3D('',#4963,#4064,#4065);
#3274=AXIS2_PLACEMENT_3D('',#4964,#4066,#4067);
#3275=AXIS2_PLACEMENT_3D('',#4965,#4068,#4069);
#3276=AXIS2_PLACEMENT_3D('',#4971,#4073,#4074);
#3277=AXIS2_PLACEMENT_3D('',#4973,#4076,#4077);
#3278=AXIS2_PLACEMENT_3D('',#4975,#4079,#4080);
#3279=AXIS2_PLACEMENT_3D('',#4977,#4082,#4083);
#3280=AXIS2_PLACEMENT_3D('',#4978,#4084,#4085);
#3281=AXIS2_PLACEMENT_3D('',#4979,#4086,#4087);
#3282=AXIS2_PLACEMENT_3D('',#4980,#4088,#4089);
#3283=AXIS2_PLACEMENT_3D('',#4982,#4091,#4092);
#3284=AXIS2_PLACEMENT_3D('',#4984,#4094,#4095);
#3285=DIRECTION('',(0.,0.,1.));
#3286=DIRECTION('',(1.,0.,0.));
#3287=DIRECTION('',(0.,0.,1.));
#3288=DIRECTION('',(1.,0.,0.));
#3289=DIRECTION('',(0.,0.,1.));
#3290=DIRECTION('',(1.,0.,0.));
#3291=DIRECTION('',(1.,0.,0.));
#3292=DIRECTION('',(-2.47817639425258E-16,1.,0.));
#3293=DIRECTION('',(1.,0.,0.));
#3294=DIRECTION('',(0.,1.,0.));
#3295=DIRECTION('',(0.707106781186548,0.707106781186548,0.));
#3296=DIRECTION('',(1.,0.,0.));
#3297=DIRECTION('',(0.,1.,0.));
#3298=DIRECTION('',(-1.,0.,0.));
#3299=DIRECTION('',(-9.63735264431562E-16,1.,0.));
#3300=DIRECTION('',(0.,0.,1.));
#3301=DIRECTION('',(1.,0.,0.));
#3302=DIRECTION('',(0.,0.,1.));
#3303=DIRECTION('',(1.,0.,0.));
#3304=DIRECTION('',(1.23908819712629E-16,-1.,0.));
#3305=DIRECTION('',(1.,0.,0.));
#3306=DIRECTION('',(0.,-1.,0.));
#3307=DIRECTION('',(-1.,3.39774846061882E-15,0.));
#3308=DIRECTION('',(0.,-1.,0.));
#3309=DIRECTION('',(1.,0.,0.));
#3310=DIRECTION('',(0.707106781186553,-0.707106781186543,0.));
#3311=DIRECTION('',(0.,-1.,0.));
#3312=DIRECTION('',(1.,0.,0.));
#3313=DIRECTION('',(0.,0.,1.));
#3314=DIRECTION('',(1.,0.,0.));
#3315=DIRECTION('',(0.,0.,1.));
#3316=DIRECTION('',(1.,0.,0.));
#3317=DIRECTION('',(0.,0.,1.));
#3318=DIRECTION('',(1.,0.,0.));
#3319=DIRECTION('',(0.,0.,1.));
#3320=DIRECTION('',(1.,0.,0.));
#3321=DIRECTION('',(0.,0.,1.));
#3322=DIRECTION('',(1.,0.,0.));
#3323=DIRECTION('',(0.,0.,1.));
#3324=DIRECTION('',(1.,0.,0.));
#3325=DIRECTION('',(0.,0.,1.));
#3326=DIRECTION('',(1.,0.,0.));
#3327=DIRECTION('',(1.,0.,0.));
#3328=DIRECTION('',(0.,0.,1.));
#3329=DIRECTION('',(1.,0.,0.));
#3330=DIRECTION('',(0.,1.,0.));
#3331=DIRECTION('',(0.,-1.,0.));
#3332=DIRECTION('',(-1.,0.,0.));
#3333=DIRECTION('',(-0.707106781186552,0.707106781186544,0.));
#3334=DIRECTION('',(0.,1.,0.));
#3335=DIRECTION('',(0.,-1.,0.));
#3336=DIRECTION('',(0.,0.,-1.));
#3337=DIRECTION('',(1.,0.,0.));
#3338=DIRECTION('',(2.89120579329468E-16,0.,1.));
#3339=DIRECTION('',(0.,0.,1.));
#3340=DIRECTION('',(0.,0.,1.));
#3341=DIRECTION('',(0.,0.,1.));
#3342=DIRECTION('',(1.,0.,0.));
#3343=DIRECTION('',(0.,1.,0.));
#3344=DIRECTION('',(0.,0.,1.));
#3345=DIRECTION('',(1.,0.,0.));
#3346=DIRECTION('',(1.,0.,0.));
#3347=DIRECTION('',(0.,-1.,0.));
#3348=DIRECTION('',(-0.707106781186559,-0.707106781186536,0.));
#3349=DIRECTION('',(-1.,0.,0.));
#3350=DIRECTION('',(0.,-1.,0.));
#3351=DIRECTION('',(0.,0.,1.));
#3352=DIRECTION('',(1.,0.,0.));
#3353=DIRECTION('',(0.,1.,0.));
#3354=DIRECTION('',(1.,0.,0.));
#3355=DIRECTION('',(0.,1.,0.));
#3356=DIRECTION('',(0.,0.,1.));
#3357=DIRECTION('',(1.,0.,0.));
#3358=DIRECTION('',(-1.,0.,0.));
#3359=DIRECTION('',(0.,1.,0.));
#3360=DIRECTION('',(-1.,0.,0.));
#3361=DIRECTION('',(0.,0.,1.));
#3362=DIRECTION('',(1.,0.,0.));
#3363=DIRECTION('',(-1.,0.,0.));
#3364=DIRECTION('',(0.,1.,0.));
#3365=DIRECTION('',(-0.707106781186552,0.707106781186544,0.));
#3366=DIRECTION('',(-1.,0.,0.));
#3367=DIRECTION('',(-0.707106781186559,-0.707106781186536,0.));
#3368=DIRECTION('',(0.,-1.,0.));
#3369=DIRECTION('',(1.,0.,0.));
#3370=DIRECTION('',(0.,0.,1.));
#3371=DIRECTION('',(1.,0.,0.));
#3372=DIRECTION('',(1.,0.,0.));
#3373=DIRECTION('',(0.,-1.,0.));
#3374=DIRECTION('',(1.,1.73472347597681E-14,0.));
#3375=DIRECTION('',(0.,0.,1.));
#3376=DIRECTION('',(1.,0.,0.));
#3377=DIRECTION('',(1.,0.,0.));
#3378=DIRECTION('',(0.,0.,-1.));
#3379=DIRECTION('',(0.,1.,0.));
#3380=DIRECTION('',(0.,0.,1.));
#3381=DIRECTION('',(0.,0.,1.));
#3382=DIRECTION('',(0.,1.,0.));
#3383=DIRECTION('',(0.,0.,1.));
#3384=DIRECTION('',(0.,0.,1.));
#3385=DIRECTION('',(0.,0.,1.));
#3386=DIRECTION('',(1.,2.47817639425258E-16,0.));
#3387=DIRECTION('',(-2.47817639425258E-16,1.,0.));
#3388=DIRECTION('',(-2.47817639425258E-16,1.,0.));
#3389=DIRECTION('',(-2.03000325946072E-16,0.819152044288992,-0.573576436351046));
#3390=DIRECTION('',(0.,0.,1.));
#3391=DIRECTION('',(0.,-1.,0.));
#3392=DIRECTION('',(0.,0.,-1.));
#3393=DIRECTION('',(1.,0.,0.));
#3394=DIRECTION('',(0.,0.,1.));
#3395=DIRECTION('',(1.,0.,0.));
#3396=DIRECTION('',(0.,-1.,0.));
#3397=DIRECTION('',(0.,0.,-1.));
#3398=DIRECTION('',(1.,0.,0.));
#3399=DIRECTION('',(0.,-1.,0.));
#3400=DIRECTION('',(0.,0.,-1.));
#3401=DIRECTION('',(0.,0.,1.));
#3402=DIRECTION('',(0.,0.,1.));
#3403=DIRECTION('',(1.,0.,0.));
#3404=DIRECTION('',(0.,0.,1.));
#3405=DIRECTION('',(0.,0.,1.));
#3406=DIRECTION('',(1.,0.,0.));
#3407=DIRECTION('',(0.,0.,1.));
#3408=DIRECTION('',(0.,0.,1.));
#3409=DIRECTION('',(0.,-1.,0.));
#3410=DIRECTION('',(0.,0.,-1.));
#3411=DIRECTION('',(0.707106781186548,-0.707106781186548,0.));
#3412=DIRECTION('',(0.707106781186548,0.707106781186548,0.));
#3413=DIRECTION('',(0.707106781186548,0.707106781186548,0.));
#3414=DIRECTION('',(0.,-1.,0.));
#3415=DIRECTION('',(0.,0.,-1.));
#3416=DIRECTION('',(2.89120579329468E-16,0.,1.));
#3417=DIRECTION('',(1.,0.,0.));
#3418=DIRECTION('',(0.,0.,1.));
#3419=DIRECTION('',(0.,0.,1.));
#3420=DIRECTION('',(-1.,-1.23908819712629E-16,0.));
#3421=DIRECTION('',(1.23908819712629E-16,-1.,0.));
#3422=DIRECTION('',(1.23908819712629E-16,-1.,0.));
#3423=DIRECTION('',(1.01500162973036E-16,-0.819152044288992,0.573576436351046));
#3424=DIRECTION('',(0.707106781186544,0.707106781186552,0.));
#3425=DIRECTION('',(-0.707106781186552,0.707106781186544,0.));
#3426=DIRECTION('',(0.,0.,1.));
#3427=DIRECTION('',(0.,1.,0.));
#3428=DIRECTION('',(0.,0.,1.));
#3429=DIRECTION('',(0.,0.,-1.));
#3430=DIRECTION('',(0.,-1.,0.));
#3431=DIRECTION('',(0.,0.,-1.));
#3432=DIRECTION('',(1.,0.,-3.46944695195364E-16));
#3433=DIRECTION('',(0.,0.,1.));
#3434=DIRECTION('',(-1.,0.,-2.16840434497101E-16));
#3435=DIRECTION('',(0.,0.,1.));
#3436=DIRECTION('',(1.,0.,-3.46944695195359E-16));
#3437=DIRECTION('',(0.,-1.,0.));
#3438=DIRECTION('',(0.,0.,-1.));
#3439=DIRECTION('',(0.,0.,1.));
#3440=DIRECTION('',(0.,0.,1.));
#3441=DIRECTION('',(-0.707106781186536,0.707106781186559,0.));
#3442=DIRECTION('',(-0.707106781186559,-0.707106781186536,0.));
#3443=DIRECTION('',(0.,0.,1.));
#3444=DIRECTION('',(-1.,0.,0.));
#3445=DIRECTION('',(0.,0.,1.));
#3446=DIRECTION('',(0.,-1.,0.));
#3447=DIRECTION('',(0.,0.,1.));
#3448=DIRECTION('',(0.,0.,1.));
#3449=DIRECTION('',(0.,-1.,0.));
#3450=DIRECTION('',(0.,0.,1.));
#3451=DIRECTION('',(0.,0.,1.));
#3452=DIRECTION('',(-0.707106781186542,-0.707106781186553,0.));
#3453=DIRECTION('',(0.707106781186553,-0.707106781186542,0.));
#3454=DIRECTION('',(0.707106781186553,-0.707106781186543,0.));
#3455=DIRECTION('',(0.,0.,1.));
#3456=DIRECTION('',(1.,0.,0.));
#3457=DIRECTION('',(0.,0.,1.));
#3458=DIRECTION('',(1.,0.,0.));
#3459=DIRECTION('',(0.,1.,0.));
#3460=DIRECTION('',(1.,0.,0.));
#3461=DIRECTION('',(0.,1.,0.));
#3462=DIRECTION('',(0.,0.,1.));
#3463=DIRECTION('',(1.,0.,0.));
#3464=DIRECTION('',(0.,-1.,0.));
#3465=DIRECTION('',(0.,0.,-1.));
#3466=DIRECTION('',(0.,0.,1.));
#3467=DIRECTION('',(1.,0.,0.));
#3468=DIRECTION('',(0.,0.,1.));
#3469=DIRECTION('',(1.,0.,0.));
#3470=DIRECTION('',(0.,0.,1.));
#3471=DIRECTION('',(0.,0.,1.));
#3472=DIRECTION('',(1.,0.,0.));
#3473=DIRECTION('',(0.,-1.,0.));
#3474=DIRECTION('',(0.,0.,-1.));
#3475=DIRECTION('',(1.,0.,0.));
#3476=DIRECTION('',(0.,0.,1.));
#3477=DIRECTION('',(1.,0.,0.));
#3478=DIRECTION('',(0.,0.,1.));
#3479=DIRECTION('',(0.,0.,1.));
#3480=DIRECTION('',(1.,0.,0.));
#3481=DIRECTION('',(0.,0.,1.));
#3482=DIRECTION('',(0.,1.,0.));
#3483=DIRECTION('',(0.,0.,1.));
#3484=DIRECTION('',(-1.,0.,0.));
#3485=DIRECTION('',(0.,1.,0.));
#3486=DIRECTION('',(0.,0.,1.));
#3487=DIRECTION('',(-1.,0.,0.));
#3488=DIRECTION('',(1.,0.,0.));
#3489=DIRECTION('',(0.,0.,-1.));
#3490=DIRECTION('',(0.,0.,1.));
#3491=DIRECTION('',(0.,1.,0.));
#3492=DIRECTION('',(0.,0.,1.));
#3493=DIRECTION('',(1.,0.,0.));
#3494=DIRECTION('',(0.,0.,1.));
#3495=DIRECTION('',(0.,0.,1.));
#3496=DIRECTION('',(1.,0.,0.));
#3497=DIRECTION('',(1.73472347597681E-14,-1.,0.));
#3498=DIRECTION('',(1.,1.73472347597681E-14,0.));
#3499=DIRECTION('',(1.,1.73472347597681E-14,0.));
#3500=DIRECTION('',(0.,0.,1.));
#3501=DIRECTION('',(1.,0.,0.));
#3502=DIRECTION('',(0.,0.,1.));
#3503=DIRECTION('',(1.,0.,0.));
#3504=DIRECTION('',(0.,1.,0.));
#3505=DIRECTION('',(0.,0.,1.));
#3506=DIRECTION('',(0.,0.,1.));
#3507=DIRECTION('',(-1.,0.,0.));
#3508=DIRECTION('',(0.,0.,1.));
#3509=DIRECTION('',(1.,0.,0.));
#3510=DIRECTION('',(0.,0.,1.));
#3511=DIRECTION('',(0.,0.,1.));
#3512=DIRECTION('',(1.,0.,0.));
#3513=DIRECTION('',(1.,0.,0.));
#3514=DIRECTION('',(0.,0.,-1.));
#3515=DIRECTION('',(0.,1.,0.));
#3516=DIRECTION('',(0.,0.,1.));
#3517=DIRECTION('',(1.,0.,0.));
#3518=DIRECTION('',(0.,0.,1.));
#3519=DIRECTION('',(1.,0.,0.));
#3520=DIRECTION('',(0.,0.,1.));
#3521=DIRECTION('',(1.,0.,0.));
#3522=DIRECTION('',(0.,0.,1.));
#3523=DIRECTION('',(1.,0.,0.));
#3524=DIRECTION('',(1.,0.,0.));
#3525=DIRECTION('',(0.,0.,-1.));
#3526=DIRECTION('',(0.,-1.,0.));
#3527=DIRECTION('',(0.,0.,1.));
#3528=DIRECTION('',(0.,-1.,0.));
#3529=DIRECTION('',(-3.46944695195359E-16,0.,-1.));
#3530=DIRECTION('',(-1.,0.,3.46944695195359E-16));
#3531=DIRECTION('',(1.,0.,-3.46944695195359E-16));
#3532=DIRECTION('',(0.,-1.,0.));
#3533=DIRECTION('',(0.,-1.,0.));
#3534=DIRECTION('',(0.,0.,-1.));
#3535=DIRECTION('',(0.,-1.,0.));
#3536=DIRECTION('',(0.,0.,-1.));
#3537=DIRECTION('',(0.,-1.,0.));
#3538=DIRECTION('',(1.,0.,0.));
#3539=DIRECTION('',(0.,0.,-1.));
#3540=DIRECTION('',(0.,0.,1.));
#3541=DIRECTION('',(-1.,0.,0.));
#3542=DIRECTION('',(0.,0.,1.));
#3543=DIRECTION('',(0.,0.,-1.));
#3544=DIRECTION('',(0.,-1.,0.));
#3545=DIRECTION('',(0.,-1.,0.));
#3546=DIRECTION('',(0.,0.,-1.));
#3547=DIRECTION('',(0.,-1.,0.));
#3548=DIRECTION('',(0.,0.,-1.));
#3549=DIRECTION('',(0.,-1.,0.));
#3550=DIRECTION('',(-3.46944695195364E-16,0.,-1.));
#3551=DIRECTION('',(-1.,0.,3.46944695195364E-16));
#3552=DIRECTION('',(1.,0.,-3.46944695195364E-16));
#3553=DIRECTION('',(0.,-1.,0.));
#3554=DIRECTION('',(1.,0.,0.));
#3555=DIRECTION('',(0.,0.,-1.));
#3556=DIRECTION('',(0.,0.,1.));
#3557=DIRECTION('',(0.,-1.,0.));
#3558=DIRECTION('',(-2.16840434497101E-16,0.,1.));
#3559=DIRECTION('',(1.,0.,2.16840434497101E-16));
#3560=DIRECTION('',(-1.,0.,-2.16840434497101E-16));
#3561=DIRECTION('',(0.,-1.,0.));
#3562=DIRECTION('',(1.,0.,0.));
#3563=DIRECTION('',(2.89120579329468E-16,0.,1.));
#3564=DIRECTION('',(2.89120579329468E-16,0.,1.));
#3565=DIRECTION('',(-1.,0.,2.89120579329468E-16));
#3566=DIRECTION('',(2.89120579329468E-16,0.,1.));
#3567=DIRECTION('',(2.89120579329468E-16,0.,1.));
#3568=DIRECTION('',(-1.,0.,2.89120579329468E-16));
#3569=DIRECTION('',(2.89120579329468E-16,0.,1.));
#3570=DIRECTION('',(2.89120579329468E-16,0.,1.));
#3571=DIRECTION('',(2.89120579329468E-16,0.,1.));
#3572=DIRECTION('',(1.,0.,-2.89120579329468E-16));
#3573=DIRECTION('',(-2.89120579329468E-16,0.,-1.));
#3574=DIRECTION('',(-1.,0.,2.89120579329468E-16));
#3575=DIRECTION('',(0.,0.,1.));
#3576=DIRECTION('',(1.,0.,0.));
#3577=DIRECTION('',(0.,0.,1.));
#3578=DIRECTION('',(1.,0.,0.));
#3579=DIRECTION('',(-1.,0.,0.));
#3580=DIRECTION('',(0.,0.,1.));
#3581=DIRECTION('',(0.,-0.819152044288992,0.573576436351046));
#3582=DIRECTION('',(0.,-1.,0.));
#3583=DIRECTION('',(0.,0.,1.));
#3584=DIRECTION('',(3.39774846061882E-15,1.,0.));
#3585=DIRECTION('',(-1.,3.39774846061882E-15,0.));
#3586=DIRECTION('',(0.,0.,1.));
#3587=DIRECTION('',(-1.,3.39774846061882E-15,-2.37912908506574E-15));
#3588=DIRECTION('',(-1.,0.,0.));
#3589=DIRECTION('',(0.,0.,1.));
#3590=DIRECTION('',(0.,-0.819152044288992,0.573576436351046));
#3591=DIRECTION('',(1.,9.63735264431562E-16,0.));
#3592=DIRECTION('',(-9.63735264431562E-16,1.,0.));
#3593=DIRECTION('',(0.,0.,1.));
#3594=DIRECTION('',(-7.89445712012506E-16,0.819152044288992,-0.573576436351046));
#3595=DIRECTION('',(0.,1.,0.));
#3596=DIRECTION('',(0.,0.,1.));
#3597=DIRECTION('',(0.,0.,1.));
#3598=DIRECTION('',(-1.,0.,0.));
#3599=DIRECTION('',(1.,0.,0.));
#3600=DIRECTION('',(0.,0.,-1.));
#3601=DIRECTION('',(0.,1.,0.));
#3602=DIRECTION('',(0.,0.819152044288992,-0.573576436351046));
#3603=DIRECTION('',(0.,0.573576436351046,0.819152044288992));
#3604=DIRECTION('',(1.,0.,0.));
#3605=DIRECTION('',(0.,0.573576436351046,0.819152044288992));
#3606=DIRECTION('',(0.,-0.819152044288992,0.573576436351046));
#3607=DIRECTION('',(-1.,0.,0.));
#3608=DIRECTION('',(0.,0.573576436351046,0.819152044288992));
#3609=DIRECTION('',(0.,0.819152044288992,-0.573576436351046));
#3610=DIRECTION('',(0.,1.,0.));
#3611=DIRECTION('',(0.,0.,1.));
#3612=DIRECTION('',(0.,1.,0.));
#3613=DIRECTION('',(0.,0.,1.));
#3614=DIRECTION('',(-1.,0.,0.));
#3615=DIRECTION('',(0.,1.,0.));
#3616=DIRECTION('',(0.,0.,1.));
#3617=DIRECTION('',(0.,0.,-1.));
#3618=DIRECTION('',(1.,0.,0.));
#3619=DIRECTION('',(0.,1.,0.));
#3620=DIRECTION('',(0.,-1.,0.));
#3621=DIRECTION('',(0.,-1.,0.));
#3622=DIRECTION('',(0.,0.,-1.));
#3623=DIRECTION('',(0.,1.,0.));
#3624=DIRECTION('',(0.,0.,1.));
#3625=DIRECTION('',(0.,0.,1.));
#3626=DIRECTION('',(1.,0.,0.));
#3627=DIRECTION('',(0.,0.,1.));
#3628=DIRECTION('',(1.,0.,0.));
#3629=DIRECTION('',(1.1642439436086E-16,-1.,0.));
#3630=DIRECTION('',(1.,7.2280144832367E-16,0.));
#3631=DIRECTION('',(1.1642439436086E-16,-1.,0.));
#3632=DIRECTION('',(1.,4.95635278850516E-16,0.));
#3633=DIRECTION('',(3.85494105772624E-16,-1.,0.));
#3634=DIRECTION('',(1.,5.33761069531325E-16,0.));
#3635=DIRECTION('',(3.85494105772624E-16,-1.,0.));
#3636=DIRECTION('',(1.,4.95635278850516E-16,0.));
#3637=DIRECTION('',(0.,0.,1.));
#3638=DIRECTION('',(1.,0.,0.));
#3639=DIRECTION('',(0.,0.,1.));
#3640=DIRECTION('',(1.,0.,0.));
#3641=DIRECTION('',(0.,1.,0.));
#3642=DIRECTION('',(-1.,0.,0.));
#3643=DIRECTION('',(3.94255335449275E-16,-1.,0.));
#3644=DIRECTION('',(1.,0.,0.));
#3645=DIRECTION('',(1.23908819712629E-16,-1.,0.));
#3646=DIRECTION('',(-1.,-3.85494105772624E-16,0.));
#3647=DIRECTION('',(-2.16840434497101E-16,1.,0.));
#3648=DIRECTION('',(0.707106781186557,-0.707106781186538,0.));
#3649=DIRECTION('',(-1.,0.,0.));
#3650=DIRECTION('',(0.,0.,1.));
#3651=DIRECTION('',(1.,0.,0.));
#3652=DIRECTION('',(0.,0.,1.));
#3653=DIRECTION('',(1.,0.,0.));
#3654=DIRECTION('',(1.,7.2280144832367E-16,0.));
#3655=DIRECTION('',(0.,1.,0.));
#3656=DIRECTION('',(-1.,0.,0.));
#3657=DIRECTION('',(-0.707106781186548,-0.707106781186548,0.));
#3658=DIRECTION('',(-4.33680868994202E-16,1.,0.));
#3659=DIRECTION('',(-1.,-3.85494105772624E-16,0.));
#3660=DIRECTION('',(-1.23908819712629E-16,1.,0.));
#3661=DIRECTION('',(1.,0.,0.));
#3662=DIRECTION('',(7.88510670898549E-16,-1.,0.));
#3663=DIRECTION('',(-1.,-5.9138300317391E-16,0.));
#3664=DIRECTION('',(5.9138300317391E-16,-1.,0.));
#3665=DIRECTION('',(5.9138300317391E-16,-1.,0.));
#3666=DIRECTION('',(0.,0.,1.));
#3667=DIRECTION('',(5.9138300317391E-16,-1.,0.));
#3668=DIRECTION('',(0.,0.,1.));
#3669=DIRECTION('',(-1.,-7.88510670898549E-16,0.));
#3670=DIRECTION('',(7.88510670898549E-16,-1.,0.));
#3671=DIRECTION('',(0.,0.,1.));
#3672=DIRECTION('',(0.,0.,1.));
#3673=DIRECTION('',(0.,-1.,0.));
#3674=DIRECTION('',(0.,0.,1.));
#3675=DIRECTION('',(7.88510670898549E-16,-1.,0.));
#3676=DIRECTION('',(-1.,-3.94255335449275E-16,0.));
#3677=DIRECTION('',(3.94255335449275E-16,-1.,0.));
#3678=DIRECTION('',(0.,0.,1.));
#3679=DIRECTION('',(3.94255335449275E-16,-1.,0.));
#3680=DIRECTION('',(0.,0.,1.));
#3681=DIRECTION('',(0.,-1.,0.));
#3682=DIRECTION('',(0.,0.,1.));
#3683=DIRECTION('',(-1.,-1.97127667724637E-16,0.));
#3684=DIRECTION('',(1.97127667724637E-16,-1.,0.));
#3685=DIRECTION('',(0.,0.,1.));
#3686=DIRECTION('',(1.97127667724637E-16,-1.,0.));
#3687=DIRECTION('',(0.,0.,1.));
#3688=DIRECTION('',(1.97127667724637E-16,-1.,0.));
#3689=DIRECTION('',(-3.94255335449275E-16,1.,0.));
#3690=DIRECTION('',(-1.,-3.94255335449275E-16,0.));
#3691=DIRECTION('',(-7.2280144832367E-16,1.,0.));
#3692=DIRECTION('',(-1.,-7.2280144832367E-16,0.));
#3693=DIRECTION('',(0.,-1.,0.));
#3694=DIRECTION('',(0.,0.,-1.));
#3695=DIRECTION('',(7.88510670898549E-16,-1.,0.));
#3696=DIRECTION('',(1.,7.88510670898549E-16,0.));
#3697=DIRECTION('',(-7.2280144832367E-16,1.,0.));
#3698=DIRECTION('',(-1.,-7.2280144832367E-16,0.));
#3699=DIRECTION('',(0.,-1.,0.));
#3700=DIRECTION('',(0.,0.,-1.));
#3701=DIRECTION('',(0.,0.,1.));
#3702=DIRECTION('',(1.,0.,0.));
#3703=DIRECTION('',(1.,5.33761069531325E-16,0.));
#3704=DIRECTION('',(3.85494105772624E-16,-1.,0.));
#3705=DIRECTION('',(1.,3.85494105772624E-16,2.66880534765662E-16));
#3706=DIRECTION('',(3.85494105772624E-16,-1.,0.));
#3707=DIRECTION('',(1.,6.8994683703623E-16,0.));
#3708=DIRECTION('',(-6.8994683703623E-16,1.,0.));
#3709=DIRECTION('',(-7.2280144832367E-16,1.,0.));
#3710=DIRECTION('',(0.,0.,-1.));
#3711=DIRECTION('',(-1.97127667724637E-16,1.,0.));
#3712=DIRECTION('',(0.,0.,-1.));
#3713=DIRECTION('',(-1.19808010938404E-16,0.17364817766693,0.984807753012208));
#3714=DIRECTION('',(0.,0.,1.));
#3715=DIRECTION('',(1.,1.97127667724637E-16,0.));
#3716=DIRECTION('',(-1.97127667724637E-16,1.,0.));
#3717=DIRECTION('',(0.,0.,-1.));
#3718=DIRECTION('',(-7.2280144832367E-16,1.,0.));
#3719=DIRECTION('',(0.,0.,1.));
#3720=DIRECTION('',(-3.42308602681154E-17,0.17364817766693,0.984807753012208));
#3721=DIRECTION('',(0.,0.,1.));
#3722=DIRECTION('',(-1.97127667724637E-16,1.,0.));
#3723=DIRECTION('',(0.,0.,1.));
#3724=DIRECTION('',(1.,0.,0.));
#3725=DIRECTION('',(1.,0.,0.));
#3726=DIRECTION('',(1.,0.,0.));
#3727=DIRECTION('',(-1.,-2.16840434497101E-16,0.));
#3728=DIRECTION('',(2.16840434497101E-16,-1.,0.));
#3729=DIRECTION('',(0.,0.,-1.));
#3730=DIRECTION('',(-2.16840434497101E-16,1.,0.));
#3731=DIRECTION('',(0.,0.,1.));
#3732=DIRECTION('',(0.,0.,-1.));
#3733=DIRECTION('',(3.85494105772624E-16,-1.,0.));
#3734=DIRECTION('',(0.,0.,-1.));
#3735=DIRECTION('',(-2.16840434497101E-16,1.,0.));
#3736=DIRECTION('',(-1.,-4.33680868994202E-16,0.));
#3737=DIRECTION('',(4.33680868994202E-16,-1.,0.));
#3738=DIRECTION('',(0.,0.,-1.));
#3739=DIRECTION('',(4.33680868994202E-16,-1.,0.));
#3740=DIRECTION('',(0.,0.,-1.));
#3741=DIRECTION('',(-4.33680868994202E-16,1.,0.));
#3742=DIRECTION('',(0.,0.,1.));
#3743=DIRECTION('',(3.85494105772624E-16,-1.,0.));
#3744=DIRECTION('',(0.,0.,-1.));
#3745=DIRECTION('',(1.,1.1642439436086E-16,0.));
#3746=DIRECTION('',(-1.1642439436086E-16,1.,0.));
#3747=DIRECTION('',(2.02168839167393E-17,-0.17364817766693,-0.984807753012208));
#3748=DIRECTION('',(0.,0.,1.));
#3749=DIRECTION('',(0.,0.,-1.));
#3750=DIRECTION('',(4.95635278850516E-16,-1.,0.));
#3751=DIRECTION('',(0.,0.,-1.));
#3752=DIRECTION('',(1.34474688060218E-16,-1.,0.));
#3753=DIRECTION('',(0.,0.,-1.));
#3754=DIRECTION('',(1.,1.1642439436086E-16,0.));
#3755=DIRECTION('',(-1.1642439436086E-16,1.,0.));
#3756=DIRECTION('',(0.,0.,1.));
#3757=DIRECTION('',(2.02168839167393E-17,-0.17364817766693,-0.984807753012208));
#3758=DIRECTION('',(0.,0.,-1.));
#3759=DIRECTION('',(1.1642439436086E-16,-1.,0.));
#3760=DIRECTION('',(0.,0.,-1.));
#3761=DIRECTION('',(4.95635278850516E-16,-1.,0.));
#3762=DIRECTION('',(0.,0.,-1.));
#3763=DIRECTION('',(3.85494105772624E-16,-1.,0.));
#3764=DIRECTION('',(1.,3.85494105772624E-16,0.));
#3765=DIRECTION('',(1.,3.85494105772624E-16,0.));
#3766=DIRECTION('',(0.,0.,1.));
#3767=DIRECTION('',(1.,0.,0.));
#3768=DIRECTION('',(7.2280144832367E-16,-1.,0.));
#3769=DIRECTION('',(1.,7.2280144832367E-16,0.));
#3770=DIRECTION('',(1.,7.2280144832367E-16,0.));
#3771=DIRECTION('',(-1.,-7.2280144832367E-16,0.));
#3772=DIRECTION('',(1.,7.2280144832367E-16,0.));
#3773=DIRECTION('',(-7.2280144832367E-16,1.,0.));
#3774=DIRECTION('',(-1.,-7.2280144832367E-16,0.));
#3775=DIRECTION('',(-7.2280144832367E-16,1.,0.));
#3776=DIRECTION('',(-7.2280144832367E-16,1.,0.));
#3777=DIRECTION('',(-1.,-7.2280144832367E-16,0.));
#3778=DIRECTION('',(7.2280144832367E-16,-1.,0.));
#3779=DIRECTION('',(1.,7.2280144832367E-16,0.));
#3780=DIRECTION('',(-7.2280144832367E-16,1.,0.));
#3781=DIRECTION('',(-1.,-7.2280144832367E-16,0.));
#3782=DIRECTION('',(-7.2280144832367E-16,1.,0.));
#3783=DIRECTION('',(-1.,-7.2280144832367E-16,0.));
#3784=DIRECTION('',(-7.2280144832367E-16,1.,0.));
#3785=DIRECTION('',(7.2280144832367E-16,-1.,0.));
#3786=DIRECTION('',(1.,7.2280144832367E-16,0.));
#3787=DIRECTION('',(0.,0.,1.));
#3788=DIRECTION('',(1.,0.,0.));
#3789=DIRECTION('',(1.,0.,0.));
#3790=DIRECTION('',(1.,0.,0.));
#3791=DIRECTION('',(1.,0.,0.));
#3792=DIRECTION('',(-1.23908819712629E-16,1.,0.));
#3793=DIRECTION('',(-1.,-3.85494105772624E-16,0.));
#3794=DIRECTION('',(1.23908819712629E-16,-1.,0.));
#3795=DIRECTION('',(1.,0.,0.));
#3796=DIRECTION('',(1.,0.,0.));
#3797=DIRECTION('',(0.,-1.,0.));
#3798=DIRECTION('',(0.,0.,-1.));
#3799=DIRECTION('',(0.,0.,1.));
#3800=DIRECTION('',(3.85494105772624E-16,-1.,0.));
#3801=DIRECTION('',(1.,3.85494105772624E-16,0.));
#3802=DIRECTION('',(-1.,-3.85494105772624E-16,0.));
#3803=DIRECTION('',(0.,0.,1.));
#3804=DIRECTION('',(0.,0.,-1.));
#3805=DIRECTION('',(-1.,0.,0.));
#3806=DIRECTION('',(0.,1.,0.));
#3807=DIRECTION('',(-1.,0.,0.));
#3808=DIRECTION('',(0.,1.,0.));
#3809=DIRECTION('',(-1.,0.,0.));
#3810=DIRECTION('',(0.,-1.,0.));
#3811=DIRECTION('',(0.,0.,-1.));
#3812=DIRECTION('',(0.,0.,-1.));
#3813=DIRECTION('',(-1.,0.,0.));
#3814=DIRECTION('',(0.,0.,1.));
#3815=DIRECTION('',(0.,0.,1.));
#3816=DIRECTION('',(-0.64278760968654,0.,0.766044443118978));
#3817=DIRECTION('',(-1.,0.,0.));
#3818=DIRECTION('',(-3.61400724161835E-16,0.,-1.));
#3819=DIRECTION('',(1.,0.,-9.85638338623186E-17));
#3820=DIRECTION('',(-3.61400724161835E-16,0.,-1.));
#3821=DIRECTION('',(0.64278760968654,0.,0.766044443118978));
#3822=DIRECTION('',(0.,0.,1.));
#3823=DIRECTION('',(0.,0.,-1.));
#3824=DIRECTION('',(1.,8.67361737988404E-16,0.));
#3825=DIRECTION('',(0.,0.,-1.));
#3826=DIRECTION('',(-1.,0.,0.));
#3827=DIRECTION('',(3.85494105772624E-16,-1.,0.));
#3828=DIRECTION('',(1.,3.85494105772624E-16,0.));
#3829=DIRECTION('',(3.85494105772624E-16,-1.,0.));
#3830=DIRECTION('',(1.,3.85494105772624E-16,0.));
#3831=DIRECTION('',(0.,0.,-1.));
#3832=DIRECTION('',(-1.,-3.85494105772624E-16,0.));
#3833=DIRECTION('',(0.,0.,-1.));
#3834=DIRECTION('',(-1.,-3.85494105772624E-16,0.));
#3835=DIRECTION('',(0.,0.,1.));
#3836=DIRECTION('',(1.,3.85494105772624E-16,0.));
#3837=DIRECTION('',(0.,0.,-1.));
#3838=DIRECTION('',(3.85494105772624E-16,-1.,0.));
#3839=DIRECTION('',(1.,3.85494105772624E-16,0.));
#3840=DIRECTION('',(1.,0.,0.));
#3841=DIRECTION('',(0.,0.,-1.));
#3842=DIRECTION('',(0.,0.,-1.));
#3843=DIRECTION('',(0.,-1.,0.));
#3844=DIRECTION('',(0.,0.,-1.));
#3845=DIRECTION('',(0.,-1.,0.));
#3846=DIRECTION('',(0.,0.,-1.));
#3847=DIRECTION('',(-1.,0.,0.));
#3848=DIRECTION('',(0.,0.,1.));
#3849=DIRECTION('',(1.,0.,0.));
#3850=DIRECTION('',(0.,0.,1.));
#3851=DIRECTION('',(1.,0.,0.));
#3852=DIRECTION('',(0.,-1.,0.));
#3853=DIRECTION('',(0.,0.,-1.));
#3854=DIRECTION('',(-1.,0.,0.));
#3855=DIRECTION('',(0.,0.,-1.));
#3856=DIRECTION('',(-1.,0.,0.));
#3857=DIRECTION('',(0.,0.,-1.));
#3858=DIRECTION('',(-6.50521303491303E-16,1.,0.));
#3859=DIRECTION('',(-1.,-6.50521303491303E-16,0.));
#3860=DIRECTION('',(1.,6.50521303491303E-16,0.));
#3861=DIRECTION('',(0.,0.,-1.));
#3862=DIRECTION('',(1.,6.50521303491303E-16,0.));
#3863=DIRECTION('',(0.,0.,-1.));
#3864=DIRECTION('',(1.,4.33680868994202E-16,0.));
#3865=DIRECTION('',(-4.33680868994202E-16,1.,0.));
#3866=DIRECTION('',(4.33680868994202E-16,-1.,0.));
#3867=DIRECTION('',(0.,0.,-1.));
#3868=DIRECTION('',(4.33680868994202E-16,-1.,0.));
#3869=DIRECTION('',(0.,0.,-1.));
#3870=DIRECTION('',(0.,0.,-1.));
#3871=DIRECTION('',(-1.,0.,0.));
#3872=DIRECTION('',(0.,0.,-1.));
#3873=DIRECTION('',(1.,0.,0.));
#3874=DIRECTION('',(0.,0.,-1.));
#3875=DIRECTION('',(1.,0.,0.));
#3876=DIRECTION('',(3.85494105772624E-16,-1.,0.));
#3877=DIRECTION('',(1.,3.85494105772624E-16,0.));
#3878=DIRECTION('',(-2.72585496299267E-16,0.707106781186548,0.707106781186548));
#3879=DIRECTION('',(2.72585496299267E-16,-0.707106781186548,0.707106781186548));
#3880=DIRECTION('',(3.85494105772624E-16,-1.,0.));
#3881=DIRECTION('',(1.,3.85494105772624E-16,0.));
#3882=DIRECTION('',(3.85494105772624E-16,-1.,0.));
#3883=DIRECTION('',(3.85494105772624E-16,-1.,0.));
#3884=DIRECTION('',(1.,3.85494105772624E-16,0.));
#3885=DIRECTION('',(3.85494105772624E-16,-1.,0.));
#3886=DIRECTION('',(3.85494105772624E-16,-1.,0.));
#3887=DIRECTION('',(1.,3.85494105772624E-16,0.));
#3888=DIRECTION('',(3.85494105772624E-16,-1.,0.));
#3889=DIRECTION('',(3.85494105772624E-16,-1.,0.));
#3890=DIRECTION('',(1.,3.85494105772624E-16,0.));
#3891=DIRECTION('',(3.85494105772624E-16,-1.,0.));
#3892=DIRECTION('',(3.85494105772624E-16,-1.,0.));
#3893=DIRECTION('',(1.,3.85494105772624E-16,0.));
#3894=DIRECTION('',(2.72585496299267E-16,-0.707106781186548,-0.707106781186548));
#3895=DIRECTION('',(2.72585496299267E-16,-0.707106781186548,0.707106781186548));
#3896=DIRECTION('',(0.,0.,1.));
#3897=DIRECTION('',(1.,0.,0.));
#3898=DIRECTION('',(0.707106781186549,-0.707106781186547,0.));
#3899=DIRECTION('',(0.,0.,1.));
#3900=DIRECTION('',(1.,0.,0.));
#3901=DIRECTION('',(0.,0.,1.));
#3902=DIRECTION('',(1.,0.,0.));
#3903=DIRECTION('',(0.,0.,1.));
#3904=DIRECTION('',(1.,0.,0.));
#3905=DIRECTION('',(0.,0.,1.));
#3906=DIRECTION('',(1.,0.,0.));
#3907=DIRECTION('',(0.,0.,1.));
#3908=DIRECTION('',(1.,0.,0.));
#3909=DIRECTION('',(0.,0.,1.));
#3910=DIRECTION('',(1.,0.,0.));
#3911=DIRECTION('',(-0.70710678118655,-0.707106781186546,0.));
#3912=DIRECTION('',(-0.766044443118978,0.,0.64278760968654));
#3913=DIRECTION('',(0.64278760968654,0.,0.766044443118978));
#3914=DIRECTION('',(0.64278760968654,0.,0.766044443118978));
#3915=DIRECTION('',(0.,1.,0.));
#3916=DIRECTION('',(-1.,0.,0.));
#3917=DIRECTION('',(0.,0.,1.));
#3918=DIRECTION('',(0.,0.,1.));
#3919=DIRECTION('',(-0.766044443118978,0.,-0.64278760968654));
#3920=DIRECTION('',(-0.64278760968654,0.,0.766044443118978));
#3921=DIRECTION('',(0.,1.,0.));
#3922=DIRECTION('',(-0.64278760968654,0.,0.766044443118978));
#3923=DIRECTION('',(0.,1.,0.));
#3924=DIRECTION('',(-1.,0.,0.));
#3925=DIRECTION('',(0.,0.,1.));
#3926=DIRECTION('',(0.,0.,1.));
#3927=DIRECTION('',(0.,0.,-1.));
#3928=DIRECTION('',(-1.,0.,0.));
#3929=DIRECTION('',(-1.,0.,0.));
#3930=DIRECTION('',(0.,1.,0.));
#3931=DIRECTION('',(1.,0.,-3.61400724161835E-16));
#3932=DIRECTION('',(-3.61400724161835E-16,0.,-1.));
#3933=DIRECTION('',(0.,1.,0.));
#3934=DIRECTION('',(-3.61400724161835E-16,0.,-1.));
#3935=DIRECTION('',(9.85638338623186E-17,0.,1.));
#3936=DIRECTION('',(1.,0.,-9.85638338623186E-17));
#3937=DIRECTION('',(0.,1.,0.));
#3938=DIRECTION('',(1.,0.,-9.85638338623186E-17));
#3939=DIRECTION('',(1.,0.,-3.61400724161835E-16));
#3940=DIRECTION('',(-3.61400724161835E-16,0.,-1.));
#3941=DIRECTION('',(-3.61400724161835E-16,0.,-1.));
#3942=DIRECTION('',(0.,0.,1.));
#3943=DIRECTION('',(1.,0.,0.));
#3944=DIRECTION('',(0.,0.,-1.));
#3945=DIRECTION('',(0.,0.,-1.));
#3946=DIRECTION('',(-1.,0.,0.));
#3947=DIRECTION('',(0.707106781186548,3.50467066670486E-16,0.707106781186548));
#3948=DIRECTION('',(0.707106781186548,3.50467066670486E-16,-0.707106781186548));
#3949=DIRECTION('',(1.,4.95635278850516E-16,0.));
#3950=DIRECTION('',(-4.95635278850516E-16,1.,0.));
#3951=DIRECTION('',(0.,0.,-1.));
#3952=DIRECTION('',(-1.,0.,0.));
#3953=DIRECTION('',(0.,0.,1.));
#3954=DIRECTION('',(1.,0.,0.));
#3955=DIRECTION('',(0.,0.,-1.));
#3956=DIRECTION('',(0.707106781186548,3.50467066670486E-16,-0.707106781186548));
#3957=DIRECTION('',(0.707106781186548,3.50467066670486E-16,0.707106781186548));
#3958=DIRECTION('',(1.,4.95635278850516E-16,0.));
#3959=DIRECTION('',(-4.95635278850516E-16,1.,0.));
#3960=DIRECTION('',(1.,1.23908819712629E-16,0.));
#3961=DIRECTION('',(-1.23908819712629E-16,1.,0.));
#3962=DIRECTION('',(0.,-1.,0.));
#3963=DIRECTION('',(0.,0.,-1.));
#3964=DIRECTION('',(0.,0.,1.));
#3965=DIRECTION('',(-1.,-1.23908819712629E-16,0.));
#3966=DIRECTION('',(1.23908819712629E-16,-1.,0.));
#3967=DIRECTION('',(0.,0.,1.));
#3968=DIRECTION('',(1.,0.,0.));
#3969=DIRECTION('',(0.,0.,1.));
#3970=DIRECTION('',(1.,0.,0.));
#3971=DIRECTION('',(0.,0.,-1.));
#3972=DIRECTION('',(-1.,0.,0.));
#3973=DIRECTION('',(0.,0.,1.));
#3974=DIRECTION('',(1.,0.,0.));
#3975=DIRECTION('',(0.,0.,1.));
#3976=DIRECTION('',(1.,0.,0.));
#3977=DIRECTION('',(0.,0.,1.));
#3978=DIRECTION('',(1.,0.,0.));
#3979=DIRECTION('',(0.,0.,1.));
#3980=DIRECTION('',(1.,0.,0.));
#3981=DIRECTION('',(0.,0.,1.));
#3982=DIRECTION('',(1.,0.,0.));
#3983=DIRECTION('',(-0.707106781186548,-1.53329341668337E-16,-0.707106781186547));
#3984=DIRECTION('',(-0.707106781186547,-1.53329341668337E-16,0.707106781186548));
#3985=DIRECTION('',(0.,0.,1.));
#3986=DIRECTION('',(1.,0.,0.));
#3987=DIRECTION('',(-0.707106781186548,-3.06658683336675E-16,0.707106781186547));
#3988=DIRECTION('',(0.707106781186547,3.06658683336674E-16,0.707106781186548));
#3989=DIRECTION('',(0.,0.,1.));
#3990=DIRECTION('',(1.,0.,0.));
#3991=DIRECTION('',(0.,0.,1.));
#3992=DIRECTION('',(1.,0.,0.));
#3993=DIRECTION('',(0.,0.,1.));
#3994=DIRECTION('',(1.,0.,0.));
#3995=DIRECTION('',(0.707106781186547,0.707106781186549,0.));
#3996=DIRECTION('',(0.,0.,-1.));
#3997=DIRECTION('',(-0.707106781186549,0.707106781186547,0.));
#3998=DIRECTION('',(0.707106781186546,-0.70710678118655,0.));
#3999=DIRECTION('',(0.,0.,1.));
#4000=DIRECTION('',(0.70710678118655,0.707106781186546,0.));
#4001=DIRECTION('',(-0.707106781186548,0.707106781186548,0.));
#4002=DIRECTION('',(0.,0.,1.));
#4003=DIRECTION('',(0.707106781186548,0.707106781186548,0.));
#4004=DIRECTION('',(-0.577350269189625,-0.577350269189625,-0.577350269189627));
#4005=DIRECTION('',(-0.707106781186538,-0.707106781186557,0.));
#4006=DIRECTION('',(0.,0.,-1.));
#4007=DIRECTION('',(-0.707106781186557,0.707106781186538,0.));
#4008=DIRECTION('',(-0.577350269189631,0.577350269189616,0.577350269189631));
#4009=DIRECTION('',(7.2280144832367E-16,-1.,0.));
#4010=DIRECTION('',(1.,7.2280144832367E-16,0.));
#4011=DIRECTION('',(1.,7.2280144832367E-16,0.));
#4012=DIRECTION('',(-1.,-7.22801448323669E-16,0.));
#4013=DIRECTION('',(0.,0.,-1.));
#4014=DIRECTION('',(-1.,-7.88510670898552E-16,0.));
#4015=DIRECTION('',(0.,0.,-1.));
#4016=DIRECTION('',(0.,-1.,0.));
#4017=DIRECTION('',(0.,0.,-1.));
#4018=DIRECTION('',(0.,-1.,0.));
#4019=DIRECTION('',(0.,0.,-1.));
#4020=DIRECTION('',(1.,3.85494105772624E-16,0.));
#4021=DIRECTION('',(-3.85494105772624E-16,1.,0.));
#4022=DIRECTION('',(3.85494105772624E-16,-1.,0.));
#4023=DIRECTION('',(0.,0.,-1.));
#4024=DIRECTION('',(-1.,0.,0.));
#4025=DIRECTION('',(0.,0.,-1.));
#4026=DIRECTION('',(-1.,0.,0.));
#4027=DIRECTION('',(1.,3.85494105772624E-16,0.));
#4028=DIRECTION('',(-3.85494105772624E-16,1.,0.));
#4029=DIRECTION('',(3.85494105772624E-16,-1.,0.));
#4030=DIRECTION('',(0.,0.,1.));
#4031=DIRECTION('',(1.,0.,0.));
#4032=DIRECTION('',(0.,0.,1.));
#4033=DIRECTION('',(1.,0.,0.));
#4034=DIRECTION('',(0.,0.,1.));
#4035=DIRECTION('',(1.,0.,0.));
#4036=DIRECTION('',(0.,0.,1.));
#4037=DIRECTION('',(1.,0.,0.));
#4038=DIRECTION('',(0.,0.,1.));
#4039=DIRECTION('',(1.,0.,0.));
#4040=DIRECTION('',(0.,0.,1.));
#4041=DIRECTION('',(1.,0.,0.));
#4042=DIRECTION('',(0.,0.,1.));
#4043=DIRECTION('',(1.,0.,0.));
#4044=DIRECTION('',(0.,0.,1.));
#4045=DIRECTION('',(1.,0.,0.));
#4046=DIRECTION('',(0.,0.,1.));
#4047=DIRECTION('',(1.,0.,0.));
#4048=DIRECTION('',(0.,0.,1.));
#4049=DIRECTION('',(1.,0.,0.));
#4050=DIRECTION('',(0.,0.,1.));
#4051=DIRECTION('',(1.,0.,0.));
#4052=DIRECTION('',(0.,0.,1.));
#4053=DIRECTION('',(1.,0.,0.));
#4054=DIRECTION('',(0.,0.,1.));
#4055=DIRECTION('',(1.,0.,0.));
#4056=DIRECTION('',(0.,0.,1.));
#4057=DIRECTION('',(1.,0.,0.));
#4058=DIRECTION('',(0.,0.,1.));
#4059=DIRECTION('',(1.,0.,0.));
#4060=DIRECTION('',(2.16840434497101E-16,-1.,0.));
#4061=DIRECTION('',(0.,0.,1.));
#4062=DIRECTION('',(1.,0.,0.));
#4063=DIRECTION('',(-4.33680868994202E-16,1.,0.));
#4064=DIRECTION('',(-0.707106781186548,-3.06658683336675E-16,0.707106781186547));
#4065=DIRECTION('',(4.33680868994202E-16,-1.,0.));
#4066=DIRECTION('',(-0.707106781186548,-1.53329341668337E-16,-0.707106781186547));
#4067=DIRECTION('',(-2.16840434497101E-16,1.,0.));
#4068=DIRECTION('',(-7.2280144832367E-16,1.,0.));
#4069=DIRECTION('',(-1.,-7.2280144832367E-16,0.));
#4070=DIRECTION('',(0.,0.,-1.));
#4071=DIRECTION('',(-1.,-4.95635278850516E-16,0.));
#4072=DIRECTION('',(0.,0.,-1.));
#4073=DIRECTION('',(-5.33761069531325E-16,1.,0.));
#4074=DIRECTION('',(-1.,-5.33761069531325E-16,0.));
#4075=DIRECTION('',(1.,5.33761069531325E-16,0.));
#4076=DIRECTION('',(-5.33761069531325E-16,1.,0.));
#4077=DIRECTION('',(-1.,-5.33761069531325E-16,0.));
#4078=DIRECTION('',(1.,5.33761069531325E-16,0.));
#4079=DIRECTION('',(0.,0.,1.));
#4080=DIRECTION('',(1.,0.,0.));
#4081=DIRECTION('',(-1.,-5.33761069531325E-16,0.));
#4082=DIRECTION('',(3.77426071798984E-16,-0.707106781186548,-0.707106781186548));
#4083=DIRECTION('',(1.,5.33761069531325E-16,0.));
#4084=DIRECTION('',(-7.11820470197603E-16,0.984807753012208,-0.17364817766693));
#4085=DIRECTION('',(1.,7.2280144832367E-16,0.));
#4086=DIRECTION('',(7.11820470197603E-16,-0.984807753012208,0.17364817766693));
#4087=DIRECTION('',(1.,7.2280144832367E-16,0.));
#4088=DIRECTION('',(1.,1.97127667724637E-16,0.));
#4089=DIRECTION('',(-1.97127667724637E-16,1.,0.));
#4090=DIRECTION('',(1.97127667724637E-16,-1.,0.));
#4091=DIRECTION('',(1.,6.8994683703623E-16,0.));
#4092=DIRECTION('',(-6.8994683703623E-16,1.,0.));
#4093=DIRECTION('',(6.8994683703623E-16,-1.,0.));
#4094=DIRECTION('',(0.,0.,1.));
#4095=DIRECTION('',(1.,0.,0.));
#4096=CARTESIAN_POINT('',(0.,0.,0.));
#4097=CARTESIAN_POINT('',(0.,0.,0.016));
#4098=CARTESIAN_POINT('',(-0.007,0.0172,0.016));
#4099=CARTESIAN_POINT('',(-0.0063,0.0172,0.016));
#4100=CARTESIAN_POINT('',(-0.00605,0.0155712592026968,0.016));
#4101=CARTESIAN_POINT('',(-0.0046,0.0155712592026968,0.016));
#4102=CARTESIAN_POINT('',(-0.0075,0.0155712592026968,0.016));
#4103=CARTESIAN_POINT('',(-0.0075,0.001,0.016));
#4104=CARTESIAN_POINT('',(-0.0075,-0.013,0.016));
#4105=CARTESIAN_POINT('',(0.,-0.013,0.016));
#4106=CARTESIAN_POINT('',(-0.009,-0.013,0.016));
#4107=CARTESIAN_POINT('',(-0.009,0.017125,0.016));
#4108=CARTESIAN_POINT('',(-0.009,0.0184,0.016));
#4109=CARTESIAN_POINT('',(-0.0087,0.0187,0.016));
#4110=CARTESIAN_POINT('',(-0.0084,0.019,0.016));
#4111=CARTESIAN_POINT('',(-0.007025,0.019,0.016));
#4112=CARTESIAN_POINT('',(-0.00562110176552673,0.019,0.016));
#4113=CARTESIAN_POINT('',(-0.00562110176552673,0.0179,0.016));
#4114=CARTESIAN_POINT('',(-0.00562110176552673,0.0168,0.016));
#4115=CARTESIAN_POINT('',(-0.00511055088276337,0.0168,0.016));
#4116=CARTESIAN_POINT('',(-0.0046,0.0168,0.016));
#4117=CARTESIAN_POINT('',(-0.0046,0.0159,0.016));
#4118=CARTESIAN_POINT('',(0.,0.,0.016));
#4119=CARTESIAN_POINT('',(0.007,0.0172,0.016));
#4120=CARTESIAN_POINT('',(0.0077,0.0172,0.016));
#4121=CARTESIAN_POINT('',(0.0075,0.001,0.016));
#4122=CARTESIAN_POINT('',(0.0075,0.0155712592026968,0.016));
#4123=CARTESIAN_POINT('',(0.0075,-0.013,0.016));
#4124=CARTESIAN_POINT('',(-0.00605,0.0155712592026968,0.016));
#4125=CARTESIAN_POINT('',(0.0046,0.0155712592026968,0.016));
#4126=CARTESIAN_POINT('',(0.0046,0.0159,0.016));
#4127=CARTESIAN_POINT('',(0.0046,0.0168,0.016));
#4128=CARTESIAN_POINT('',(0.00511055088276337,0.0168,0.016));
#4129=CARTESIAN_POINT('',(0.00562110176552673,0.0168,0.016));
#4130=CARTESIAN_POINT('',(0.00562110176552673,0.0179,0.016));
#4131=CARTESIAN_POINT('',(0.00562110176552673,0.019,0.016));
#4132=CARTESIAN_POINT('',(-0.007025,0.019,0.016));
#4133=CARTESIAN_POINT('',(0.0084,0.019,0.016));
#4134=CARTESIAN_POINT('',(0.0087,0.0187,0.016));
#4135=CARTESIAN_POINT('',(0.009,0.0184,0.016));
#4136=CARTESIAN_POINT('',(0.009,0.017125,0.016));
#4137=CARTESIAN_POINT('',(0.009,-0.013,0.016));
#4138=CARTESIAN_POINT('',(0.,-0.013,0.016));
#4139=CARTESIAN_POINT('',(-0.00746668760482229,-0.016,0.009));
#4140=CARTESIAN_POINT('',(-0.00746668760482229,-0.016,0.012));
#4141=CARTESIAN_POINT('',(-0.00676668760482229,-0.016,0.012));
#4142=CARTESIAN_POINT('',(-0.00746668760482229,-0.016,0.0146));
#4143=CARTESIAN_POINT('',(-0.00676668760482229,-0.016,0.0146));
#4144=CARTESIAN_POINT('',(0.0074666876048223,-0.016,0.009));
#4145=CARTESIAN_POINT('',(0.0074666876048223,-0.016,0.012));
#4146=CARTESIAN_POINT('',(0.0081666876048223,-0.016,0.012));
#4147=CARTESIAN_POINT('',(0.0074666876048223,-0.016,0.0146));
#4148=CARTESIAN_POINT('',(0.0081666876048223,-0.016,0.0146));
#4149=CARTESIAN_POINT('',(0.,0.,0.012));
#4150=CARTESIAN_POINT('',(0.00825,-0.013,0.012));
#4151=CARTESIAN_POINT('',(-0.009,-0.013,0.012));
#4152=CARTESIAN_POINT('',(-0.00693337520964459,-0.013,0.012));
#4153=CARTESIAN_POINT('',(-0.00693337520964459,-0.014,0.012));
#4154=CARTESIAN_POINT('',(-0.00593337520964459,-0.014,0.012));
#4155=CARTESIAN_POINT('',(-0.00593337520964459,-0.016,0.012));
#4156=CARTESIAN_POINT('',(-0.00593337520964459,-0.016,0.012));
#4157=CARTESIAN_POINT('',(-0.00593337520964459,-0.016,0.012));
#4158=CARTESIAN_POINT('',(-0.00593337520964459,-0.019,0.012));
#4159=CARTESIAN_POINT('',(-5.20417042793042E-18,-0.019,0.012));
#4160=CARTESIAN_POINT('',(-0.0084,-0.019,0.012));
#4161=CARTESIAN_POINT('',(-0.0087,-0.0187,0.012));
#4162=CARTESIAN_POINT('',(-0.009,-0.0184,0.012));
#4163=CARTESIAN_POINT('',(-0.009,-0.013825,0.012));
#4164=CARTESIAN_POINT('',(4.33680868994202E-18,-0.013,0.016));
#4165=CARTESIAN_POINT('',(4.33680868994202E-18,-0.013,0.018));
#4166=CARTESIAN_POINT('',(-0.0075,-0.013,0.018));
#4167=CARTESIAN_POINT('',(-0.00693337520964459,-0.013,0.018));
#4168=CARTESIAN_POINT('',(-0.00693337520964459,-0.013,0.016));
#4169=CARTESIAN_POINT('',(-0.009,-0.013,0.012));
#4170=CARTESIAN_POINT('',(-0.0075,-0.013,0.016));
#4171=CARTESIAN_POINT('',(0.,0.,0.012));
#4172=CARTESIAN_POINT('',(0.0059333752096446,-0.016,0.012));
#4173=CARTESIAN_POINT('',(0.0059333752096446,-0.016,0.012));
#4174=CARTESIAN_POINT('',(0.0059333752096446,-0.014,0.012));
#4175=CARTESIAN_POINT('',(0.0069333752096446,-0.014,0.012));
#4176=CARTESIAN_POINT('',(0.0069333752096446,-0.013,0.012));
#4177=CARTESIAN_POINT('',(0.00825,-0.013,0.012));
#4178=CARTESIAN_POINT('',(0.009,-0.013,0.012));
#4179=CARTESIAN_POINT('',(0.009,-0.017875,0.012));
#4180=CARTESIAN_POINT('',(0.009,-0.0184,0.012));
#4181=CARTESIAN_POINT('',(0.0087,-0.0187,0.012));
#4182=CARTESIAN_POINT('',(0.0084,-0.019,0.012));
#4183=CARTESIAN_POINT('',(-5.20417042793042E-18,-0.019,0.012));
#4184=CARTESIAN_POINT('',(0.0059333752096446,-0.019,0.012));
#4185=CARTESIAN_POINT('',(0.0059333752096446,-0.016,0.012));
#4186=CARTESIAN_POINT('',(0.,0.,0.019));
#4187=CARTESIAN_POINT('',(0.00565,0.0181,0.019));
#4188=CARTESIAN_POINT('',(0.00565,0.0172,0.019));
#4189=CARTESIAN_POINT('',(0.00565,0.019,0.019));
#4190=CARTESIAN_POINT('',(-0.007025,0.019,0.019));
#4191=CARTESIAN_POINT('',(-0.00565,0.019,0.019));
#4192=CARTESIAN_POINT('',(-0.00565,0.0181,0.019));
#4193=CARTESIAN_POINT('',(-0.00565,0.0172,0.019));
#4194=CARTESIAN_POINT('',(-0.007,0.0172,0.019));
#4195=CARTESIAN_POINT('',(-0.007,0.01585,0.019));
#4196=CARTESIAN_POINT('',(-0.008,0.01585,0.019));
#4197=CARTESIAN_POINT('',(-0.009,0.01585,0.019));
#4198=CARTESIAN_POINT('',(-0.009,0.017125,0.019));
#4199=CARTESIAN_POINT('',(-0.009,-0.01465,0.019));
#4200=CARTESIAN_POINT('',(-0.00823334380241115,-0.01465,0.019));
#4201=CARTESIAN_POINT('',(-0.00746668760482229,-0.01465,0.019));
#4202=CARTESIAN_POINT('',(-0.00746668760482229,-0.016,0.019));
#4203=CARTESIAN_POINT('',(-0.00746668760482229,-0.01735,0.019));
#4204=CARTESIAN_POINT('',(-0.00823334380241115,-0.01735,0.019));
#4205=CARTESIAN_POINT('',(-0.009,-0.01735,0.019));
#4206=CARTESIAN_POINT('',(-0.009,0.017125,0.019));
#4207=CARTESIAN_POINT('',(-0.009,-0.0184,0.019));
#4208=CARTESIAN_POINT('',(-0.0087,-0.0187,0.019));
#4209=CARTESIAN_POINT('',(-0.0084,-0.019,0.019));
#4210=CARTESIAN_POINT('',(-5.20417042793042E-18,-0.019,0.019));
#4211=CARTESIAN_POINT('',(0.0084,-0.019,0.019));
#4212=CARTESIAN_POINT('',(0.0087,-0.0187,0.019));
#4213=CARTESIAN_POINT('',(0.009,-0.0184,0.019));
#4214=CARTESIAN_POINT('',(0.009,-0.017875,0.019));
#4215=CARTESIAN_POINT('',(0.009,-0.01735,0.019));
#4216=CARTESIAN_POINT('',(0.00823334380241115,-0.01735,0.019));
#4217=CARTESIAN_POINT('',(0.0074666876048223,-0.01735,0.019));
#4218=CARTESIAN_POINT('',(0.0074666876048223,-0.016,0.019));
#4219=CARTESIAN_POINT('',(0.0074666876048223,-0.01465,0.019));
#4220=CARTESIAN_POINT('',(0.00823334380241115,-0.01465,0.019));
#4221=CARTESIAN_POINT('',(0.009,-0.01465,0.019));
#4222=CARTESIAN_POINT('',(0.009,-0.017875,0.019));
#4223=CARTESIAN_POINT('',(0.009,0.01585,0.019));
#4224=CARTESIAN_POINT('',(0.008,0.01585,0.019));
#4225=CARTESIAN_POINT('',(0.007,0.01585,0.019));
#4226=CARTESIAN_POINT('',(0.007,0.0172,0.019));
#4227=CARTESIAN_POINT('',(-0.009,0.017125,0.016));
#4228=CARTESIAN_POINT('',(-0.009,-0.016,0.0146));
#4229=CARTESIAN_POINT('',(-0.009,-0.01735,0.0146));
#4230=CARTESIAN_POINT('',(-0.009,-0.01465,0.0146));
#4231=CARTESIAN_POINT('',(-0.009,-0.01465,0.0176));
#4232=CARTESIAN_POINT('',(-0.009,0.01585,0.0176));
#4233=CARTESIAN_POINT('',(-0.009,0.01585,0.0176));
#4234=CARTESIAN_POINT('',(-0.009,0.017125,0.0176));
#4235=CARTESIAN_POINT('',(-0.009,0.0184,0.0176));
#4236=CARTESIAN_POINT('',(-0.009,0.0184,0.016));
#4237=CARTESIAN_POINT('',(-0.009,-0.0184,0.016));
#4238=CARTESIAN_POINT('',(-0.009,-0.01735,0.0176));
#4239=CARTESIAN_POINT('',(-0.0075,0.001,0.016));
#4240=CARTESIAN_POINT('',(-0.0075,0.001,0.018));
#4241=CARTESIAN_POINT('',(-0.0075,0.015,0.018));
#4242=CARTESIAN_POINT('',(-0.0075,0.015,0.0164));
#4243=CARTESIAN_POINT('',(-0.0075,0.015,0.0164));
#4244=CARTESIAN_POINT('',(-0.0075,0.015,0.016));
#4245=CARTESIAN_POINT('',(-0.00605,0.015,0.016));
#4246=CARTESIAN_POINT('',(-0.00605,0.015,0.0164));
#4247=CARTESIAN_POINT('',(0.0075,0.015,0.0164));
#4248=CARTESIAN_POINT('',(0.0075,0.015,0.016));
#4249=CARTESIAN_POINT('',(0.0075,0.015,0.018));
#4250=CARTESIAN_POINT('',(0.00605,0.015,0.018));
#4251=CARTESIAN_POINT('',(-0.007025,0.019,0.016));
#4252=CARTESIAN_POINT('',(-0.007025,0.019,0.0136));
#4253=CARTESIAN_POINT('',(-0.00462110176552673,0.019,0.0136));
#4254=CARTESIAN_POINT('',(0.00462110176552674,0.019,0.0136));
#4255=CARTESIAN_POINT('',(-0.00462110176552673,0.019,0.0146));
#4256=CARTESIAN_POINT('',(-0.00562110176552673,0.019,0.0146));
#4257=CARTESIAN_POINT('',(-0.00562110176552673,0.019,0.0144));
#4258=CARTESIAN_POINT('',(-0.0084,0.019,0.016));
#4259=CARTESIAN_POINT('',(-0.0084,0.019,0.0176));
#4260=CARTESIAN_POINT('',(-0.007025,0.019,0.0176));
#4261=CARTESIAN_POINT('',(-0.00565,0.019,0.0176));
#4262=CARTESIAN_POINT('',(-0.00565,0.019,0.0176));
#4263=CARTESIAN_POINT('',(0.00565,0.019,0.0176));
#4264=CARTESIAN_POINT('',(0.00565,0.019,0.0176));
#4265=CARTESIAN_POINT('',(0.007025,0.019,0.0176));
#4266=CARTESIAN_POINT('',(0.0084,0.019,0.0176));
#4267=CARTESIAN_POINT('',(0.0084,0.019,0.016));
#4268=CARTESIAN_POINT('',(0.00562110176552673,0.019,0.0144));
#4269=CARTESIAN_POINT('',(0.00562110176552673,0.019,0.0146));
#4270=CARTESIAN_POINT('',(0.00462110176552673,0.019,0.0146));
#4271=CARTESIAN_POINT('',(-0.0087,0.0187,0.016));
#4272=CARTESIAN_POINT('',(-0.0087,0.0187,0.0176));
#4273=CARTESIAN_POINT('',(4.33680868994202E-18,-0.013,0.016));
#4274=CARTESIAN_POINT('',(0.00693337520964461,-0.013,0.018));
#4275=CARTESIAN_POINT('',(0.00693337520964461,-0.013,0.018));
#4276=CARTESIAN_POINT('',(4.33680868994202E-18,-0.013,0.018));
#4277=CARTESIAN_POINT('',(0.0075,-0.013,0.018));
#4278=CARTESIAN_POINT('',(0.0075,-0.013,0.016));
#4279=CARTESIAN_POINT('',(0.009,-0.013,0.012));
#4280=CARTESIAN_POINT('',(0.0075,0.001,0.016));
#4281=CARTESIAN_POINT('',(0.0075,0.001,0.018));
#4282=CARTESIAN_POINT('',(0.0075,0.015,0.0164));
#4283=CARTESIAN_POINT('',(-0.0087,-0.0187,0.016));
#4284=CARTESIAN_POINT('',(-0.0084,-0.019,0.016));
#4285=CARTESIAN_POINT('',(-5.20417042793042E-18,-0.019,0.016));
#4286=CARTESIAN_POINT('',(-0.00593337520964459,-0.019,0.0095));
#4287=CARTESIAN_POINT('',(-0.00593337520964459,-0.019,0.007));
#4288=CARTESIAN_POINT('',(6.66247903554037E-5,-0.019,0.007));
#4289=CARTESIAN_POINT('',(-0.00325,-0.019,0.002));
#4290=CARTESIAN_POINT('',(-0.002625,-0.019,0.002));
#4291=CARTESIAN_POINT('',(-0.002,-0.019,0.002));
#4292=CARTESIAN_POINT('',(-0.002,-0.019,0.0026));
#4293=CARTESIAN_POINT('',(-0.002,-0.019,0.0032));
#4294=CARTESIAN_POINT('',(4.33680868994202E-19,-0.019,0.0032));
#4295=CARTESIAN_POINT('',(0.002,-0.019,0.0032));
#4296=CARTESIAN_POINT('',(0.002,-0.019,0.0026));
#4297=CARTESIAN_POINT('',(0.002,-0.019,0.002));
#4298=CARTESIAN_POINT('',(0.002625,-0.019,0.002));
#4299=CARTESIAN_POINT('',(0.00325,-0.019,0.002));
#4300=CARTESIAN_POINT('',(-6.6624790355398E-5,-0.019,0.007));
#4301=CARTESIAN_POINT('',(0.0059333752096446,-0.019,0.007));
#4302=CARTESIAN_POINT('',(0.0059333752096446,-0.019,0.0095));
#4303=CARTESIAN_POINT('',(0.0084,-0.019,0.016));
#4304=CARTESIAN_POINT('',(0.0087,-0.0187,0.016));
#4305=CARTESIAN_POINT('',(0.009,-0.0184,0.016));
#4306=CARTESIAN_POINT('',(0.009,-0.017875,0.016));
#4307=CARTESIAN_POINT('',(0.009,-0.016,0.0146));
#4308=CARTESIAN_POINT('',(0.009,-0.01465,0.0146));
#4309=CARTESIAN_POINT('',(0.009,-0.01735,0.0146));
#4310=CARTESIAN_POINT('',(0.009,-0.01735,0.0176));
#4311=CARTESIAN_POINT('',(0.009,0.0184,0.016));
#4312=CARTESIAN_POINT('',(0.009,0.0184,0.0176));
#4313=CARTESIAN_POINT('',(0.009,0.017125,0.0176));
#4314=CARTESIAN_POINT('',(0.009,0.01585,0.0176));
#4315=CARTESIAN_POINT('',(0.009,0.01585,0.0176));
#4316=CARTESIAN_POINT('',(0.009,-0.01465,0.0176));
#4317=CARTESIAN_POINT('',(0.0087,0.0187,0.016));
#4318=CARTESIAN_POINT('',(0.0087,0.0187,0.0176));
#4319=CARTESIAN_POINT('',(0.,0.,0.018));
#4320=CARTESIAN_POINT('',(0.00693337520964461,-0.014,0.018));
#4321=CARTESIAN_POINT('',(0.00593337520964461,-0.014,0.018));
#4322=CARTESIAN_POINT('',(0.00593337520964461,-0.016,0.018));
#4323=CARTESIAN_POINT('',(0.00593337520964461,-0.016,0.018));
#4324=CARTESIAN_POINT('',(4.33680868994202E-18,-0.016,0.018));
#4325=CARTESIAN_POINT('',(-0.00593337520964459,-0.016,0.018));
#4326=CARTESIAN_POINT('',(-0.00593337520964459,-0.016,0.018));
#4327=CARTESIAN_POINT('',(-0.00593337520964459,-0.014,0.018));
#4328=CARTESIAN_POINT('',(-0.00693337520964459,-0.014,0.018));
#4329=CARTESIAN_POINT('',(0.00823334380241115,-0.01465,0.0176));
#4330=CARTESIAN_POINT('',(0.0074666876048223,-0.01465,0.0176));
#4331=CARTESIAN_POINT('',(0.0074666876048223,-0.01465,0.0146));
#4332=CARTESIAN_POINT('',(0.00823334380241115,-0.01465,0.0146));
#4333=CARTESIAN_POINT('',(0.0074666876048223,-0.016,0.0176));
#4334=CARTESIAN_POINT('',(0.0074666876048223,-0.01735,0.0176));
#4335=CARTESIAN_POINT('',(0.0074666876048223,-0.01735,0.0146));
#4336=CARTESIAN_POINT('',(0.0074666876048223,-0.016,0.0146));
#4337=CARTESIAN_POINT('',(0.00823334380241115,-0.01735,0.0176));
#4338=CARTESIAN_POINT('',(0.00823334380241115,-0.01735,0.0146));
#4339=CARTESIAN_POINT('',(-0.00746668760482229,-0.016,0.0176));
#4340=CARTESIAN_POINT('',(-0.00746668760482229,-0.01465,0.0176));
#4341=CARTESIAN_POINT('',(-0.00746668760482229,-0.01465,0.0146));
#4342=CARTESIAN_POINT('',(-0.00746668760482229,-0.016,0.0146));
#4343=CARTESIAN_POINT('',(-0.00746668760482229,-0.01735,0.0146));
#4344=CARTESIAN_POINT('',(-0.00746668760482229,-0.01735,0.0176));
#4345=CARTESIAN_POINT('',(-0.00823334380241115,-0.01465,0.0176));
#4346=CARTESIAN_POINT('',(-0.00823334380241115,-0.01465,0.0146));
#4347=CARTESIAN_POINT('',(-0.00823334380241115,-0.01735,0.0176));
#4348=CARTESIAN_POINT('',(-0.00823334380241115,-0.01735,0.0146));
#4349=CARTESIAN_POINT('',(0.00565,0.0181,0.0176));
#4350=CARTESIAN_POINT('',(0.00565,0.0172,0.0176));
#4351=CARTESIAN_POINT('',(0.00565,0.0172,0.0176));
#4352=CARTESIAN_POINT('',(0.00565,0.0181,0.0176));
#4353=CARTESIAN_POINT('',(0.007,0.0172,0.0176));
#4354=CARTESIAN_POINT('',(0.007,0.01585,0.0176));
#4355=CARTESIAN_POINT('',(0.007,0.01585,0.0176));
#4356=CARTESIAN_POINT('',(0.007,0.0172,0.0176));
#4357=CARTESIAN_POINT('',(0.008,0.01585,0.0176));
#4358=CARTESIAN_POINT('',(0.008,0.01585,0.0176));
#4359=CARTESIAN_POINT('',(0.,0.,0.0176));
#4360=CARTESIAN_POINT('',(0.007,0.0172,0.0176));
#4361=CARTESIAN_POINT('',(0.0077,0.0172,0.0176));
#4362=CARTESIAN_POINT('',(-0.008,0.01585,0.0176));
#4363=CARTESIAN_POINT('',(-0.007,0.01585,0.0176));
#4364=CARTESIAN_POINT('',(-0.007,0.01585,0.0176));
#4365=CARTESIAN_POINT('',(-0.008,0.01585,0.0176));
#4366=CARTESIAN_POINT('',(-0.007,0.0172,0.0176));
#4367=CARTESIAN_POINT('',(-0.00565,0.0172,0.0176));
#4368=CARTESIAN_POINT('',(-0.00565,0.0172,0.0176));
#4369=CARTESIAN_POINT('',(-0.007,0.0172,0.0176));
#4370=CARTESIAN_POINT('',(-0.00565,0.0181,0.0176));
#4371=CARTESIAN_POINT('',(-0.00565,0.0181,0.0176));
#4372=CARTESIAN_POINT('',(0.,0.,0.0176));
#4373=CARTESIAN_POINT('',(-0.007,0.0172,0.0176));
#4374=CARTESIAN_POINT('',(-0.0063,0.0172,0.0176));
#4375=CARTESIAN_POINT('',(-0.007,0.0172,0.009));
#4376=CARTESIAN_POINT('',(0.007,0.0172,0.009));
#4377=CARTESIAN_POINT('',(0.002,-0.016,0.0026));
#4378=CARTESIAN_POINT('',(0.002,-0.016,0.0032));
#4379=CARTESIAN_POINT('',(0.002,-0.016,0.0032));
#4380=CARTESIAN_POINT('',(0.002,-0.016,0.0026));
#4381=CARTESIAN_POINT('',(0.002,-0.016,0.002));
#4382=CARTESIAN_POINT('',(0.002,-0.016,0.002));
#4383=CARTESIAN_POINT('',(0.002625,-0.016,0.002));
#4384=CARTESIAN_POINT('',(0.002625,-0.016,0.002));
#4385=CARTESIAN_POINT('',(0.00325,-0.016,0.002));
#4386=CARTESIAN_POINT('',(0.00325,-0.016,0.002));
#4387=CARTESIAN_POINT('',(-6.6624790355398E-5,-0.016,0.007));
#4388=CARTESIAN_POINT('',(-6.6624790355398E-5,-0.016,0.007));
#4389=CARTESIAN_POINT('',(0.0059333752096446,-0.016,0.007));
#4390=CARTESIAN_POINT('',(0.0059333752096446,-0.016,0.007));
#4391=CARTESIAN_POINT('',(0.0059333752096446,-0.016,0.0095));
#4392=CARTESIAN_POINT('',(0.0059333752096446,-0.016,0.0095));
#4393=CARTESIAN_POINT('',(-0.00593337520964459,-0.016,0.0095));
#4394=CARTESIAN_POINT('',(-0.00593337520964459,-0.016,0.0095));
#4395=CARTESIAN_POINT('',(-0.00593337520964459,-0.016,0.007));
#4396=CARTESIAN_POINT('',(-0.00593337520964459,-0.016,0.007));
#4397=CARTESIAN_POINT('',(6.66247903554037E-5,-0.016,0.007));
#4398=CARTESIAN_POINT('',(6.66247903554037E-5,-0.016,0.007));
#4399=CARTESIAN_POINT('',(-0.00325,-0.016,0.002));
#4400=CARTESIAN_POINT('',(-0.00325,-0.016,0.002));
#4401=CARTESIAN_POINT('',(-0.002625,-0.016,0.002));
#4402=CARTESIAN_POINT('',(-0.002625,-0.016,0.002));
#4403=CARTESIAN_POINT('',(-0.002,-0.016,0.002));
#4404=CARTESIAN_POINT('',(-0.002,-0.016,0.002));
#4405=CARTESIAN_POINT('',(-0.002,-0.016,0.0026));
#4406=CARTESIAN_POINT('',(-0.002,-0.016,0.0026));
#4407=CARTESIAN_POINT('',(-0.002,-0.016,0.0032));
#4408=CARTESIAN_POINT('',(-0.002,-0.016,0.0032));
#4409=CARTESIAN_POINT('',(4.33680868994202E-19,-0.016,0.0032));
#4410=CARTESIAN_POINT('',(4.33680868994202E-19,-0.016,0.0032));
#4411=CARTESIAN_POINT('',(-6.93889390390723E-18,-0.016,0.0105));
#4412=CARTESIAN_POINT('',(-0.00593337520964459,-0.016,0.015));
#4413=CARTESIAN_POINT('',(0.00593337520964461,-0.016,0.015));
#4414=CARTESIAN_POINT('',(0.00593337520964461,-0.016,0.015));
#4415=CARTESIAN_POINT('',(0.0059333752096446,-0.014,0.012));
#4416=CARTESIAN_POINT('',(-0.00593337520964459,-0.016,0.015));
#4417=CARTESIAN_POINT('',(-0.00593337520964459,-0.014,0.015));
#4418=CARTESIAN_POINT('',(-0.00693337520964459,-0.014,0.015));
#4419=CARTESIAN_POINT('',(0.00693337520964461,-0.014,0.016));
#4420=CARTESIAN_POINT('',(0.,0.,0.0146));
#4421=CARTESIAN_POINT('',(0.,0.,0.0146));
#4422=CARTESIAN_POINT('',(0.00562110176552673,0.0179,0.0144));
#4423=CARTESIAN_POINT('',(0.00562110176552673,0.015,0.0164));
#4424=CARTESIAN_POINT('',(0.00562110176552673,0.0168,0.0151396264312226));
#4425=CARTESIAN_POINT('',(0.00562110176552673,0.0175706664121358,0.0146));
#4426=CARTESIAN_POINT('',(0.00562110176552673,0.019,0.0146));
#4427=CARTESIAN_POINT('',(0.00562110176552673,0.0168,0.0144));
#4428=CARTESIAN_POINT('',(0.00511055088276337,0.0168,0.0144));
#4429=CARTESIAN_POINT('',(0.0046,0.0168,0.0144));
#4430=CARTESIAN_POINT('',(0.0046,0.0168,0.0151396264312225));
#4431=CARTESIAN_POINT('',(-0.00605,0.0168,0.0151396264312225));
#4432=CARTESIAN_POINT('',(0.0046,0.0159,0.0144));
#4433=CARTESIAN_POINT('',(0.0046,0.015,0.0164));
#4434=CARTESIAN_POINT('',(-0.0046,0.0159,0.0144));
#4435=CARTESIAN_POINT('',(-0.0046,0.0168,0.0144));
#4436=CARTESIAN_POINT('',(-0.0046,0.0168,0.0151396264312225));
#4437=CARTESIAN_POINT('',(-0.0046,0.015,0.0164));
#4438=CARTESIAN_POINT('',(-0.00511055088276337,0.0168,0.0144));
#4439=CARTESIAN_POINT('',(-0.00562110176552673,0.0168,0.0144));
#4440=CARTESIAN_POINT('',(-0.00562110176552673,0.0168,0.0151396264312225));
#4441=CARTESIAN_POINT('',(-0.00605,0.0168,0.0151396264312225));
#4442=CARTESIAN_POINT('',(-0.00562110176552673,0.0179,0.0144));
#4443=CARTESIAN_POINT('',(-0.00562110176552673,0.0178562960134843,0.0146));
#4444=CARTESIAN_POINT('',(-0.00562110176552673,0.0175706664121358,0.0146));
#4445=CARTESIAN_POINT('',(-0.00562110176552673,0.015,0.0164));
#4446=CARTESIAN_POINT('',(-0.00605,0.015,0.0164));
#4447=CARTESIAN_POINT('',(-0.00462110176552673,0.0175706664121358,0.0146));
#4448=CARTESIAN_POINT('',(-0.00560089766264001,0.0178562960134843,0.0144));
#4449=CARTESIAN_POINT('',(0.,0.0178562960134843,0.0144));
#4450=CARTESIAN_POINT('',(0.00560089766264001,0.0178562960134843,0.0144));
#4451=CARTESIAN_POINT('',(0.00462110176552673,0.0175706664121358,0.0146));
#4452=CARTESIAN_POINT('',(0.,0.0178562960134843,0.0136));
#4453=CARTESIAN_POINT('',(-0.00462110176552673,0.0178562960134843,0.0146));
#4454=CARTESIAN_POINT('',(-0.00462110176552673,0.0178562960134843,0.0136));
#4455=CARTESIAN_POINT('',(0.,0.0178562960134843,0.0136));
#4456=CARTESIAN_POINT('',(0.00462110176552673,0.0178562960134843,0.0136));
#4457=CARTESIAN_POINT('',(0.00462110176552673,0.0178562960134843,0.0146));
#4458=CARTESIAN_POINT('',(0.,0.003,0.0136));
#4459=CARTESIAN_POINT('',(-0.00462110176552673,0.019,0.0136));
#4460=CARTESIAN_POINT('',(0.00462110176552673,0.0178562960134843,0.0136));
#4461=CARTESIAN_POINT('',(-0.00462110176552673,0.003,0.0146));
#4462=CARTESIAN_POINT('',(0.00462110176552673,0.003,0.0146));
#4463=CARTESIAN_POINT('',(0.,0.,0.));
#4464=CARTESIAN_POINT('',(-6.93889390390723E-18,3.46944695195361E-18,0.002));
#4465=CARTESIAN_POINT('',(0.007,-0.0021,0.002));
#4466=CARTESIAN_POINT('',(0.007,0.0137,0.002));
#4467=CARTESIAN_POINT('',(0.007,-0.007,0.002));
#4468=CARTESIAN_POINT('',(5.05961013826572E-19,0.0137,0.002));
#4469=CARTESIAN_POINT('',(-0.007,0.0137,0.002));
#4470=CARTESIAN_POINT('',(-0.007,-0.0021,0.002));
#4471=CARTESIAN_POINT('',(-0.007,-0.007,0.002));
#4472=CARTESIAN_POINT('',(-3.46944695195361E-18,-0.007,0.002));
#4473=CARTESIAN_POINT('',(-0.00325,-0.007,0.002));
#4474=CARTESIAN_POINT('',(-0.00325,-0.013,0.002));
#4475=CARTESIAN_POINT('',(-0.00325,-0.0109,0.002));
#4476=CARTESIAN_POINT('',(4.33680868994202E-18,-0.0109,0.002));
#4477=CARTESIAN_POINT('',(0.00325,-0.0109,0.002));
#4478=CARTESIAN_POINT('',(0.00325,-0.013,0.002));
#4479=CARTESIAN_POINT('',(0.00325,-0.007,0.002));
#4480=CARTESIAN_POINT('',(-3.46944695195361E-18,-0.007,0.002));
#4481=CARTESIAN_POINT('',(-6.93889390390723E-18,3.46944695195361E-18,0.016));
#4482=CARTESIAN_POINT('',(0.007,0.0172,0.016));
#4483=CARTESIAN_POINT('',(0.0077,0.0172,0.016));
#4484=CARTESIAN_POINT('',(0.00562110176552673,0.0172,0.016));
#4485=CARTESIAN_POINT('',(0.00562110176552673,0.0168,0.016));
#4486=CARTESIAN_POINT('',(0.00562110176552673,0.019,0.016));
#4487=CARTESIAN_POINT('',(0.0046,0.0168,0.016));
#4488=CARTESIAN_POINT('',(0.0046,0.0168,0.016));
#4489=CARTESIAN_POINT('',(0.0046,0.0161,0.016));
#4490=CARTESIAN_POINT('',(0.0046,0.015,0.016));
#4491=CARTESIAN_POINT('',(0.0061,0.015,0.016));
#4492=CARTESIAN_POINT('',(0.0075,0.015,0.016));
#4493=CARTESIAN_POINT('',(0.0075,0.001,0.016));
#4494=CARTESIAN_POINT('',(0.0075,-0.013,0.016));
#4495=CARTESIAN_POINT('',(2.89120579329468E-18,-0.013,0.016));
#4496=CARTESIAN_POINT('',(0.009,-0.013,0.016));
#4497=CARTESIAN_POINT('',(0.009,0.015,0.016));
#4498=CARTESIAN_POINT('',(0.009,0.0184,0.016));
#4499=CARTESIAN_POINT('',(0.0136999999999999,0.0137000000000002,0.016));
#4500=CARTESIAN_POINT('',(0.0084,0.019,0.016));
#4501=CARTESIAN_POINT('',(0.008,0.019,0.016));
#4502=CARTESIAN_POINT('',(-6.93889390390723E-18,3.46944695195361E-18,0.016));
#4503=CARTESIAN_POINT('',(-0.007,0.0172,0.016));
#4504=CARTESIAN_POINT('',(-0.0063,0.0172,0.016));
#4505=CARTESIAN_POINT('',(-0.0046,0.0168,0.016));
#4506=CARTESIAN_POINT('',(-0.00562110176552673,0.0168,0.016));
#4507=CARTESIAN_POINT('',(-0.0046,0.0168,0.016));
#4508=CARTESIAN_POINT('',(-0.00562110176552673,0.0172,0.016));
#4509=CARTESIAN_POINT('',(-0.00562110176552673,0.019,0.016));
#4510=CARTESIAN_POINT('',(-0.008,0.019,0.016));
#4511=CARTESIAN_POINT('',(-0.0084,0.019,0.016));
#4512=CARTESIAN_POINT('',(-0.0137,0.0137,0.016));
#4513=CARTESIAN_POINT('',(-0.009,0.0184,0.016));
#4514=CARTESIAN_POINT('',(-0.009,0.015,0.016));
#4515=CARTESIAN_POINT('',(-0.009,-0.013,0.016));
#4516=CARTESIAN_POINT('',(2.89120579329468E-18,-0.013,0.016));
#4517=CARTESIAN_POINT('',(-0.0075,-0.013,0.016));
#4518=CARTESIAN_POINT('',(-0.0075,0.001,0.016));
#4519=CARTESIAN_POINT('',(-0.0075,0.015,0.016));
#4520=CARTESIAN_POINT('',(-0.0041,0.015,0.016));
#4521=CARTESIAN_POINT('',(-0.0046,0.015,0.016));
#4522=CARTESIAN_POINT('',(-0.0046,0.0161,0.016));
#4523=CARTESIAN_POINT('',(-0.0036,0.0161,0.0118));
#4524=CARTESIAN_POINT('',(-0.0036,0.0161,0.014));
#4525=CARTESIAN_POINT('',(-0.0036,0.0168,0.014));
#4526=CARTESIAN_POINT('',(-0.0036,0.0155,0.014));
#4527=CARTESIAN_POINT('',(-0.0036,0.0168,0.0118));
#4528=CARTESIAN_POINT('',(-0.0036,0.0168,0.0123));
#4529=CARTESIAN_POINT('',(-0.0036,0.015,0.0123));
#4530=CARTESIAN_POINT('',(-0.0036,0.0155,0.0123));
#4531=CARTESIAN_POINT('',(-0.0036,0.0155,0.0118));
#4532=CARTESIAN_POINT('',(-0.0046,0.0161,0.0118));
#4533=CARTESIAN_POINT('',(-0.0046,0.0168,0.0118));
#4534=CARTESIAN_POINT('',(-0.0046,0.0168,0.0123));
#4535=CARTESIAN_POINT('',(-0.0046,0.015,0.0118));
#4536=CARTESIAN_POINT('',(-0.0046,0.015,0.014));
#4537=CARTESIAN_POINT('',(-0.0046,0.0155,0.014));
#4538=CARTESIAN_POINT('',(-0.0046,0.0155,0.014));
#4539=CARTESIAN_POINT('',(-0.0046,0.0155,0.0118));
#4540=CARTESIAN_POINT('',(-0.0046,0.0155,0.0123));
#4541=CARTESIAN_POINT('',(-0.0046,0.0161,0.0123));
#4542=CARTESIAN_POINT('',(0.0046,0.0161,0.0118));
#4543=CARTESIAN_POINT('',(0.0046,0.0168,0.0118));
#4544=CARTESIAN_POINT('',(0.0046,0.0168,0.0123));
#4545=CARTESIAN_POINT('',(0.0046,0.015,0.0123));
#4546=CARTESIAN_POINT('',(0.0046,0.0155,0.0123));
#4547=CARTESIAN_POINT('',(0.0046,0.0155,0.0118));
#4548=CARTESIAN_POINT('',(0.0046,0.0155,0.014));
#4549=CARTESIAN_POINT('',(0.0046,0.0155,0.014));
#4550=CARTESIAN_POINT('',(0.0046,0.015,0.014));
#4551=CARTESIAN_POINT('',(0.0046,0.015,0.0118));
#4552=CARTESIAN_POINT('',(0.0036,0.0161,0.0118));
#4553=CARTESIAN_POINT('',(0.0036,0.0168,0.0118));
#4554=CARTESIAN_POINT('',(0.0036,0.0168,0.0123));
#4555=CARTESIAN_POINT('',(0.0036,0.0168,0.014));
#4556=CARTESIAN_POINT('',(0.0036,0.0161,0.014));
#4557=CARTESIAN_POINT('',(0.0036,0.0155,0.014));
#4558=CARTESIAN_POINT('',(0.0036,0.0155,0.0118));
#4559=CARTESIAN_POINT('',(0.0036,0.0155,0.0123));
#4560=CARTESIAN_POINT('',(0.0036,0.0161,0.0123));
#4561=CARTESIAN_POINT('',(0.0041,0.0161,0.0123));
#4562=CARTESIAN_POINT('',(0.0041,0.0168,0.0123));
#4563=CARTESIAN_POINT('',(0.0041,0.0155,0.0123));
#4564=CARTESIAN_POINT('',(-0.0041,0.003,0.0123));
#4565=CARTESIAN_POINT('',(-0.0041,0.0168,0.0123));
#4566=CARTESIAN_POINT('',(-0.0041,0.0155,0.0123));
#4567=CARTESIAN_POINT('',(-6.93889390390723E-18,3.46944695195361E-18,0.002));
#4568=CARTESIAN_POINT('',(4.77048955893622E-18,-0.0119,0.002));
#4569=CARTESIAN_POINT('',(-0.00325,-0.0119,0.002));
#4570=CARTESIAN_POINT('',(0.00325,-0.0119,0.002));
#4571=CARTESIAN_POINT('',(-0.00325,-0.013,0.002));
#4572=CARTESIAN_POINT('',(-0.00325,-0.019,0.002));
#4573=CARTESIAN_POINT('',(7.37257477290143E-18,-0.019,0.002));
#4574=CARTESIAN_POINT('',(0.00325,-0.019,0.002));
#4575=CARTESIAN_POINT('',(0.00325,-0.013,0.002));
#4576=CARTESIAN_POINT('',(-0.0022,0.015,0.016));
#4577=CARTESIAN_POINT('',(-0.0022,0.0142,0.00942594066992261));
#4578=CARTESIAN_POINT('',(-0.0022,0.0137,0.00942594066992261));
#4579=CARTESIAN_POINT('',(-0.0022,0.0168,0.00942594066992261));
#4580=CARTESIAN_POINT('',(-0.0022,0.0168,0.016));
#4581=CARTESIAN_POINT('',(-0.0022,0.0168,0.0096));
#4582=CARTESIAN_POINT('',(-0.0022,0.015,0.0096));
#4583=CARTESIAN_POINT('',(-0.0022,0.0143,0.0096));
#4584=CARTESIAN_POINT('',(-0.0022,0.0143,0.016));
#4585=CARTESIAN_POINT('',(-0.0022,0.0143,0.0136));
#4586=CARTESIAN_POINT('',(-0.0022,0.0135946920771661,0.0096));
#4587=CARTESIAN_POINT('',(-0.0022,0.0137,0.0101972309082294));
#4588=CARTESIAN_POINT('',(-0.0022,0.0137,0.008));
#4589=CARTESIAN_POINT('',(0.0022,0.015,0.016));
#4590=CARTESIAN_POINT('',(0.0022,0.0168,0.016));
#4591=CARTESIAN_POINT('',(0.0022,0.0168,0.0096));
#4592=CARTESIAN_POINT('',(0.0022,0.0168,0.00942594066992261));
#4593=CARTESIAN_POINT('',(0.0022,0.0142,0.00942594066992261));
#4594=CARTESIAN_POINT('',(0.0022,0.0137,0.00942594066992261));
#4595=CARTESIAN_POINT('',(0.0022,0.0137,0.008));
#4596=CARTESIAN_POINT('',(0.0022,0.0137,0.0101972309082294));
#4597=CARTESIAN_POINT('',(0.0022,0.0147315317547157,0.0160473381951071));
#4598=CARTESIAN_POINT('',(0.0022,0.0143,0.0136));
#4599=CARTESIAN_POINT('',(0.0022,0.0143,0.016));
#4600=CARTESIAN_POINT('',(0.0022,0.0143,0.0096));
#4601=CARTESIAN_POINT('',(0.0022,0.015,0.0096));
#4602=CARTESIAN_POINT('',(-0.00265,0.0021,0.0096));
#4603=CARTESIAN_POINT('',(-8.81817766954877E-18,0.0168,0.0096));
#4604=CARTESIAN_POINT('',(-9.10729824887824E-18,0.0143,0.0096));
#4605=CARTESIAN_POINT('',(0.009,0.015,0.016));
#4606=CARTESIAN_POINT('',(0.009,0.009,0.002));
#4607=CARTESIAN_POINT('',(0.009,0.009,-0.0004));
#4608=CARTESIAN_POINT('',(0.009,0.009,0.005));
#4609=CARTESIAN_POINT('',(0.009,0.015,0.005));
#4610=CARTESIAN_POINT('',(0.009,0.0184,0.005));
#4611=CARTESIAN_POINT('',(0.009,0.0184,0.016));
#4612=CARTESIAN_POINT('',(0.009,-0.013,0.016));
#4613=CARTESIAN_POINT('',(0.009,-0.013,0.012));
#4614=CARTESIAN_POINT('',(0.009,-0.013,0.012));
#4615=CARTESIAN_POINT('',(0.009,-0.0184,0.012));
#4616=CARTESIAN_POINT('',(0.009,-0.0184,-0.0004));
#4617=CARTESIAN_POINT('',(0.009,-0.0184,-0.0004));
#4618=CARTESIAN_POINT('',(0.009,0.015,-0.0004));
#4619=CARTESIAN_POINT('',(-0.009,0.015,0.016));
#4620=CARTESIAN_POINT('',(-0.009,0.0184,0.002));
#4621=CARTESIAN_POINT('',(-0.009,0.0184,0.005));
#4622=CARTESIAN_POINT('',(-0.009,0.009,0.005));
#4623=CARTESIAN_POINT('',(-0.009,0.009,0.005));
#4624=CARTESIAN_POINT('',(-0.009,0.009,-0.0004));
#4625=CARTESIAN_POINT('',(-0.009,0.009,-0.0004));
#4626=CARTESIAN_POINT('',(-0.009,0.015,-0.0004));
#4627=CARTESIAN_POINT('',(-0.009,-0.0184,-0.0004));
#4628=CARTESIAN_POINT('',(-0.009,-0.0184,0.016));
#4629=CARTESIAN_POINT('',(-0.009,-0.0184,0.012));
#4630=CARTESIAN_POINT('',(-0.009,-0.013,0.012));
#4631=CARTESIAN_POINT('',(-0.009,-0.013,0.012));
#4632=CARTESIAN_POINT('',(-0.009,-0.013,0.016));
#4633=CARTESIAN_POINT('',(0.007,-0.0021,0.016));
#4634=CARTESIAN_POINT('',(0.007,0.0143,0.0136));
#4635=CARTESIAN_POINT('',(0.007,0.0143,0.0136));
#4636=CARTESIAN_POINT('',(0.007,0.0137,0.0101972309082294));
#4637=CARTESIAN_POINT('',(0.007,0.0137,0.008));
#4638=CARTESIAN_POINT('',(0.007,-0.007,0.007));
#4639=CARTESIAN_POINT('',(0.007,-0.007,0.012));
#4640=CARTESIAN_POINT('',(0.007,-0.009,0.012));
#4641=CARTESIAN_POINT('',(0.007,-0.013,0.012));
#4642=CARTESIAN_POINT('',(0.007,-0.013,0.016));
#4643=CARTESIAN_POINT('',(0.007,-0.013,0.014));
#4644=CARTESIAN_POINT('',(0.007,-0.0001,0.014));
#4645=CARTESIAN_POINT('',(0.007,0.0143,0.014));
#4646=CARTESIAN_POINT('',(0.007,0.0143,0.016));
#4647=CARTESIAN_POINT('',(-0.007,-0.0021,0.016));
#4648=CARTESIAN_POINT('',(-0.007,0.0137,0.008));
#4649=CARTESIAN_POINT('',(-0.007,0.0137,0.0101972309082294));
#4650=CARTESIAN_POINT('',(-0.007,0.0142159036624352,0.0131230659696726));
#4651=CARTESIAN_POINT('',(-0.007,0.0143,0.0136));
#4652=CARTESIAN_POINT('',(-0.007,0.0143,0.016));
#4653=CARTESIAN_POINT('',(-0.007,0.0143,0.014));
#4654=CARTESIAN_POINT('',(-0.007,-0.0021,0.014));
#4655=CARTESIAN_POINT('',(-0.007,-0.013,0.014));
#4656=CARTESIAN_POINT('',(-0.007,-0.013,0.016));
#4657=CARTESIAN_POINT('',(-0.007,-0.013,0.012));
#4658=CARTESIAN_POINT('',(-0.007,-0.009,0.012));
#4659=CARTESIAN_POINT('',(-0.007,-0.007,0.012));
#4660=CARTESIAN_POINT('',(-0.007,-0.007,0.016));
#4661=CARTESIAN_POINT('',(1.54197642309049E-18,-0.013,0.008));
#4662=CARTESIAN_POINT('',(0.0074666876048223,-0.013,0.012));
#4663=CARTESIAN_POINT('',(0.0075,-0.013,0.014));
#4664=CARTESIAN_POINT('',(0.0075,-0.013,0.014));
#4665=CARTESIAN_POINT('',(0.00725,-0.013,0.014));
#4666=CARTESIAN_POINT('',(-0.0046,0.0143,0.016));
#4667=CARTESIAN_POINT('',(0.007,0.0143,0.0136));
#4668=CARTESIAN_POINT('',(-0.0046,0.0143,0.014));
#4669=CARTESIAN_POINT('',(-0.0022,0.0143,0.0136));
#4670=CARTESIAN_POINT('',(-9.97465998686664E-18,0.0142,0.0071));
#4671=CARTESIAN_POINT('',(-0.0022,0.0142,0.00477405933007739));
#4672=CARTESIAN_POINT('',(-0.0022,0.0137,0.00477405933007739));
#4673=CARTESIAN_POINT('',(-0.0022,0.0168,0.00477405933007739));
#4674=CARTESIAN_POINT('',(-1.18539437525082E-17,0.0168,0.0071));
#4675=CARTESIAN_POINT('',(-9.6132592627048E-18,0.0137,0.0071));
#4676=CARTESIAN_POINT('',(-1.06251812903579E-17,0.0142,0.0071));
#4677=CARTESIAN_POINT('',(-1.25044650559995E-17,0.0168,0.0071));
#4678=CARTESIAN_POINT('',(0.0022,0.0168,0.0047740593300774));
#4679=CARTESIAN_POINT('',(0.0022,0.0142,0.0047740593300774));
#4680=CARTESIAN_POINT('',(0.0022,0.0137,0.00477405933007739));
#4681=CARTESIAN_POINT('',(-1.02637805661961E-17,0.0137,0.0071));
#4682=CARTESIAN_POINT('',(-0.00075,0.003,0.014));
#4683=CARTESIAN_POINT('',(-8.81817766954877E-18,0.0168,0.014));
#4684=CARTESIAN_POINT('',(-0.0041,0.0155,0.014));
#4685=CARTESIAN_POINT('',(-0.0041,0.015,0.014));
#4686=CARTESIAN_POINT('',(-0.0075,0.015,0.014));
#4687=CARTESIAN_POINT('',(-0.0075,0.001,0.014));
#4688=CARTESIAN_POINT('',(-0.0075,-0.013,0.014));
#4689=CARTESIAN_POINT('',(2.89120579329468E-18,-0.013,0.014));
#4690=CARTESIAN_POINT('',(0.0075,0.001,0.014));
#4691=CARTESIAN_POINT('',(0.0075,0.015,0.014));
#4692=CARTESIAN_POINT('',(0.0061,0.015,0.014));
#4693=CARTESIAN_POINT('',(0.0061,0.0155,0.014));
#4694=CARTESIAN_POINT('',(-0.0041,0.015,0.014));
#4695=CARTESIAN_POINT('',(-0.0075,0.015,0.014));
#4696=CARTESIAN_POINT('',(1.54197642309049E-18,-0.013,0.008));
#4697=CARTESIAN_POINT('',(-0.0074666876048223,-0.013,0.012));
#4698=CARTESIAN_POINT('',(-0.0075,-0.013,0.014));
#4699=CARTESIAN_POINT('',(2.16840434497101E-19,0.0172,0.0014));
#4700=CARTESIAN_POINT('',(0.00055,0.0172,0.0014));
#4701=CARTESIAN_POINT('',(0.00055,0.0168,0.0014));
#4702=CARTESIAN_POINT('',(0.00055,0.019,0.0014));
#4703=CARTESIAN_POINT('',(5.05961013826569E-19,0.0168,0.0014));
#4704=CARTESIAN_POINT('',(0.0026,0.0168,0.0014));
#4705=CARTESIAN_POINT('',(0.0026,0.0172,0.0014));
#4706=CARTESIAN_POINT('',(0.0026,0.019,0.0014));
#4707=CARTESIAN_POINT('',(2.16840434497101E-19,0.019,0.0014));
#4708=CARTESIAN_POINT('',(-0.008,0.019,0.016));
#4709=CARTESIAN_POINT('',(-0.015,0.019,0.016));
#4710=CARTESIAN_POINT('',(-0.015,0.019,-0.0004));
#4711=CARTESIAN_POINT('',(-0.015,0.019,0.004));
#4712=CARTESIAN_POINT('',(-0.013,0.019,0.004));
#4713=CARTESIAN_POINT('',(-0.0084,0.019,0.004));
#4714=CARTESIAN_POINT('',(-0.0084,0.019,0.016));
#4715=CARTESIAN_POINT('',(-0.00562110176552673,0.019,0.0140383022221559));
#4716=CARTESIAN_POINT('',(-0.00562110176552673,0.019,0.0050004088826592));
#4717=CARTESIAN_POINT('',(-0.00411055088276337,0.019,0.00320020444132959));
#4718=CARTESIAN_POINT('',(-0.0026,0.019,0.0014));
#4719=CARTESIAN_POINT('',(2.16840434497101E-19,0.019,0.0014));
#4720=CARTESIAN_POINT('',(-0.00055,0.019,0.0014));
#4721=CARTESIAN_POINT('',(-0.00055,0.019,0.0008));
#4722=CARTESIAN_POINT('',(-0.00055,0.019,0.0002));
#4723=CARTESIAN_POINT('',(-2.16840434497101E-19,0.019,0.0002));
#4724=CARTESIAN_POINT('',(0.00055,0.019,0.0002));
#4725=CARTESIAN_POINT('',(0.00055,0.019,0.0008));
#4726=CARTESIAN_POINT('',(0.00411055088276337,0.019,0.0032002044413296));
#4727=CARTESIAN_POINT('',(0.00562110176552673,0.019,0.0050004088826592));
#4728=CARTESIAN_POINT('',(0.00562110176552673,0.019,0.00853850666348555));
#4729=CARTESIAN_POINT('',(0.0084,0.019,0.016));
#4730=CARTESIAN_POINT('',(0.0084,0.019,0.004));
#4731=CARTESIAN_POINT('',(0.013,0.019,0.004));
#4732=CARTESIAN_POINT('',(0.015,0.019,0.004));
#4733=CARTESIAN_POINT('',(0.015,0.019,-0.0004));
#4734=CARTESIAN_POINT('',(0.015,0.019,-0.0004));
#4735=CARTESIAN_POINT('',(-0.008,0.019,-0.0004));
#4736=CARTESIAN_POINT('',(5.20417042793042E-18,-0.019,0.016));
#4737=CARTESIAN_POINT('',(6.66247903554089E-5,-0.019,0.007));
#4738=CARTESIAN_POINT('',(-0.00593337520964459,-0.019,0.007));
#4739=CARTESIAN_POINT('',(-0.00593337520964459,-0.019,0.012));
#4740=CARTESIAN_POINT('',(-0.00593337520964459,-0.019,0.012));
#4741=CARTESIAN_POINT('',(-0.0074666876048223,-0.019,0.012));
#4742=CARTESIAN_POINT('',(-0.0084,-0.019,0.012));
#4743=CARTESIAN_POINT('',(-0.0084,-0.019,0.016));
#4744=CARTESIAN_POINT('',(-0.0084,-0.019,-0.0004));
#4745=CARTESIAN_POINT('',(5.20417042793042E-18,-0.019,-0.0004));
#4746=CARTESIAN_POINT('',(0.0084,-0.019,-0.0004));
#4747=CARTESIAN_POINT('',(0.0084,-0.019,0.007));
#4748=CARTESIAN_POINT('',(0.0084,-0.019,0.012));
#4749=CARTESIAN_POINT('',(0.0074666876048223,-0.019,0.012));
#4750=CARTESIAN_POINT('',(0.0059333752096446,-0.019,0.012));
#4751=CARTESIAN_POINT('',(0.0059333752096446,-0.019,0.012));
#4752=CARTESIAN_POINT('',(0.0059333752096446,-0.019,0.007));
#4753=CARTESIAN_POINT('',(-6.6624790355397E-5,-0.019,0.007));
#4754=CARTESIAN_POINT('',(-0.017,0.015,0.002));
#4755=CARTESIAN_POINT('',(-0.017,0.013,0.002));
#4756=CARTESIAN_POINT('',(-0.017,0.013,-0.0004));
#4757=CARTESIAN_POINT('',(-0.017,0.013,0.004));
#4758=CARTESIAN_POINT('',(-0.017,0.015,0.004));
#4759=CARTESIAN_POINT('',(-0.017,0.017,0.004));
#4760=CARTESIAN_POINT('',(-0.017,0.017,0.002));
#4761=CARTESIAN_POINT('',(-0.017,0.017,-0.0004));
#4762=CARTESIAN_POINT('',(-0.017,0.015,-0.0004));
#4763=CARTESIAN_POINT('',(-0.013,0.015,0.002));
#4764=CARTESIAN_POINT('',(-0.013,0.015,-0.0004));
#4765=CARTESIAN_POINT('',(-0.01135,0.015,-0.0004));
#4766=CARTESIAN_POINT('',(-0.013,0.015,0.004));
#4767=CARTESIAN_POINT('',(-0.01135,0.015,0.004));
#4768=CARTESIAN_POINT('',(-0.013,0.011,0.002));
#4769=CARTESIAN_POINT('',(-0.013,0.011,-0.0004));
#4770=CARTESIAN_POINT('',(-0.011,0.011,-0.0004));
#4771=CARTESIAN_POINT('',(-0.015,0.011,-0.0004));
#4772=CARTESIAN_POINT('',(-0.011,0.011,0.002));
#4773=CARTESIAN_POINT('',(-0.011,0.011,0.004));
#4774=CARTESIAN_POINT('',(-0.013,0.011,0.004));
#4775=CARTESIAN_POINT('',(-0.015,0.011,0.004));
#4776=CARTESIAN_POINT('',(-0.015,0.011,-0.0004));
#4777=CARTESIAN_POINT('',(0.013,0.011,0.002));
#4778=CARTESIAN_POINT('',(0.013,0.011,-0.0004));
#4779=CARTESIAN_POINT('',(0.011,0.011,-0.0004));
#4780=CARTESIAN_POINT('',(0.015,0.011,-0.0004));
#4781=CARTESIAN_POINT('',(0.015,0.011,0.002));
#4782=CARTESIAN_POINT('',(0.015,0.011,0.004));
#4783=CARTESIAN_POINT('',(0.013,0.011,0.004));
#4784=CARTESIAN_POINT('',(0.011,0.011,0.004));
#4785=CARTESIAN_POINT('',(0.011,0.011,-0.0004));
#4786=CARTESIAN_POINT('',(0.017,0.015,0.002));
#4787=CARTESIAN_POINT('',(0.017,0.015,-0.0004));
#4788=CARTESIAN_POINT('',(0.017,0.017,-0.0004));
#4789=CARTESIAN_POINT('',(0.017,0.013,-0.0004));
#4790=CARTESIAN_POINT('',(0.017,0.017,0.002));
#4791=CARTESIAN_POINT('',(0.017,0.017,0.004));
#4792=CARTESIAN_POINT('',(0.017,0.015,0.004));
#4793=CARTESIAN_POINT('',(0.017,0.013,0.004));
#4794=CARTESIAN_POINT('',(0.017,0.013,-0.0004));
#4795=CARTESIAN_POINT('',(0.013,0.015,0.002));
#4796=CARTESIAN_POINT('',(0.013,0.015,-0.0004));
#4797=CARTESIAN_POINT('',(0.01465,0.015,-0.0004));
#4798=CARTESIAN_POINT('',(0.013,0.015,0.004));
#4799=CARTESIAN_POINT('',(0.01465,0.015,0.004));
#4800=CARTESIAN_POINT('',(6.66247903554066E-5,-0.013,0.007));
#4801=CARTESIAN_POINT('',(6.66247903554074E-5,-0.0153,0.007));
#4802=CARTESIAN_POINT('',(-0.00457664991614215,-0.0115,0.0032));
#4803=CARTESIAN_POINT('',(-0.00401259082051882,-0.0109,0.0026));
#4804=CARTESIAN_POINT('',(6.66247903554058E-5,-0.0109,0.007));
#4805=CARTESIAN_POINT('',(-0.00325,-0.007,0.002));
#4806=CARTESIAN_POINT('',(-0.00325,-0.00730559237905521,0.002));
#4807=CARTESIAN_POINT('',(-0.00347336283250399,-0.00787613611245764,0.00214463944689809));
#4808=CARTESIAN_POINT('',(-0.00419793885631201,-0.00866189635432243,0.00272594521084893));
#4809=CARTESIAN_POINT('',(-0.00477023393247739,-0.00897710432806666,0.00339829679634098));
#4810=CARTESIAN_POINT('',(-0.00508157101677605,-0.00899833584995669,0.00391842898322395));
#4811=CARTESIAN_POINT('',(-0.00508157101677604,-0.0089983358499567,0.00391842898322396));
#4812=CARTESIAN_POINT('',(-0.00508157101677604,-0.0089983358499567,0.00391842898322396));
#4813=CARTESIAN_POINT('',(-0.00564161278093938,-0.00897547524014437,0.00485405715677182));
#4814=CARTESIAN_POINT('',(-0.0059333752096446,-0.00876884445840241,0.00591036940016748));
#4815=CARTESIAN_POINT('',(-0.0059333752096446,-0.00876884445840241,0.007));
#4816=CARTESIAN_POINT('',(-0.0059333752096446,-0.00876884445840241,0.007));
#4817=CARTESIAN_POINT('',(-0.00593337520964459,-0.013,0.007));
#4818=CARTESIAN_POINT('',(6.66247903554061E-5,-0.0119,0.007));
#4819=CARTESIAN_POINT('',(-0.00457664991614215,-0.0119,0.0032));
#4820=CARTESIAN_POINT('',(-0.00457664991614215,-0.013,0.0032));
#4821=CARTESIAN_POINT('',(-6.66247903553993E-5,-0.013,0.007));
#4822=CARTESIAN_POINT('',(0.00457664991614216,-0.013,0.0032));
#4823=CARTESIAN_POINT('',(0.00457664991614216,-0.0115,0.0032));
#4824=CARTESIAN_POINT('',(0.00457664991614216,-0.0119,0.0032));
#4825=CARTESIAN_POINT('',(-6.66247903553997E-5,-0.0119,0.007));
#4826=CARTESIAN_POINT('',(0.0059333752096446,-0.013,0.007));
#4827=CARTESIAN_POINT('',(0.0059333752096446,-0.00876884445840241,0.007));
#4828=CARTESIAN_POINT('',(0.0059333752096446,-0.00876884445840241,0.007));
#4829=CARTESIAN_POINT('',(0.0059333752096446,-0.00876884445840241,0.00591036940016748));
#4830=CARTESIAN_POINT('',(0.00564161278093939,-0.00897547524014437,0.00485405715677182));
#4831=CARTESIAN_POINT('',(0.00508157101677605,-0.0089983358499567,0.00391842898322396));
#4832=CARTESIAN_POINT('',(0.00508157101677605,-0.00899833584995669,0.00391842898322396));
#4833=CARTESIAN_POINT('',(0.00508157101677605,-0.00899833584995669,0.00391842898322396));
#4834=CARTESIAN_POINT('',(0.00476958797311374,-0.00897706027709727,0.00339721763078892));
#4835=CARTESIAN_POINT('',(0.0041967001720177,-0.00865908345179351,0.00272537920047681));
#4836=CARTESIAN_POINT('',(0.0034773343147287,-0.00788236634211799,0.002147516387891));
#4837=CARTESIAN_POINT('',(0.00325,-0.00730649174445894,0.002));
#4838=CARTESIAN_POINT('',(0.00325,-0.007,0.002));
#4839=CARTESIAN_POINT('',(-6.66247903554001E-5,-0.0109,0.007));
#4840=CARTESIAN_POINT('',(0.00401259082051883,-0.0109,0.0026));
#4841=CARTESIAN_POINT('',(-6.66247903553984E-5,-0.0153,0.007));
#4842=CARTESIAN_POINT('',(-6.93889390390723E-18,3.46944695195361E-18,-0.0004));
#4843=CARTESIAN_POINT('',(-0.0084,-0.019,-0.0004));
#4844=CARTESIAN_POINT('',(-0.011,0.009,-0.0004));
#4845=CARTESIAN_POINT('',(-0.015,0.013,-0.0004));
#4846=CARTESIAN_POINT('',(-0.015,0.017,-0.0004));
#4847=CARTESIAN_POINT('',(0.015,0.017,-0.0004));
#4848=CARTESIAN_POINT('',(0.015,0.013,-0.0004));
#4849=CARTESIAN_POINT('',(0.011,0.009,-0.0004));
#4850=CARTESIAN_POINT('',(0.009,-0.0184,-0.0004));
#4851=CARTESIAN_POINT('',(0.00411055088276337,0.0172,0.0032002044413296));
#4852=CARTESIAN_POINT('',(0.00411055088276337,0.0168,0.0032002044413296));
#4853=CARTESIAN_POINT('',(0.00562110176552673,0.0168,0.0050004088826592));
#4854=CARTESIAN_POINT('',(0.00562110176552673,0.0172,0.0050004088826592));
#4855=CARTESIAN_POINT('',(0.00562110176552673,0.0172,0.00853850666348555));
#4856=CARTESIAN_POINT('',(0.00562110176552673,0.0168,0.00853850666348555));
#4857=CARTESIAN_POINT('',(-0.00411055088276337,0.0172,0.00320020444132959));
#4858=CARTESIAN_POINT('',(-0.00562110176552673,0.0172,0.0050004088826592));
#4859=CARTESIAN_POINT('',(-0.00562110176552673,0.0168,0.0050004088826592));
#4860=CARTESIAN_POINT('',(-0.00411055088276337,0.0168,0.00320020444132959));
#4861=CARTESIAN_POINT('',(-0.0026,0.0168,0.0014));
#4862=CARTESIAN_POINT('',(-0.0026,0.0172,0.0014));
#4863=CARTESIAN_POINT('',(-0.00562110176552673,0.0172,0.0140383022221559));
#4864=CARTESIAN_POINT('',(-0.00562110176552673,0.0168,0.0140383022221559));
#4865=CARTESIAN_POINT('',(2.16840434497101E-19,0.0172,0.0014));
#4866=CARTESIAN_POINT('',(5.05961013826569E-19,0.0168,0.0014));
#4867=CARTESIAN_POINT('',(-0.00055,0.0168,0.0014));
#4868=CARTESIAN_POINT('',(-0.00055,0.0172,0.0014));
#4869=CARTESIAN_POINT('',(0.00055,0.0172,0.0008));
#4870=CARTESIAN_POINT('',(0.00055,0.0172,0.0002));
#4871=CARTESIAN_POINT('',(0.00055,0.0168,0.0002));
#4872=CARTESIAN_POINT('',(0.00055,0.0168,0.0008));
#4873=CARTESIAN_POINT('',(-2.16840434497101E-19,0.0172,0.0002));
#4874=CARTESIAN_POINT('',(-0.00055,0.0172,0.0002));
#4875=CARTESIAN_POINT('',(-0.00055,0.0168,0.0002));
#4876=CARTESIAN_POINT('',(7.22801448323671E-20,0.0168,0.0002));
#4877=CARTESIAN_POINT('',(-0.00055,0.0172,0.0008));
#4878=CARTESIAN_POINT('',(-0.00055,0.0168,0.0008));
#4879=CARTESIAN_POINT('',(0.005,-0.007,0.016));
#4880=CARTESIAN_POINT('',(0.0059333752096446,-0.00876884445840241,0.012));
#4881=CARTESIAN_POINT('',(0.0059333752096446,-0.00876884445840241,0.012));
#4882=CARTESIAN_POINT('',(0.005,-0.007,0.012));
#4883=CARTESIAN_POINT('',(0.005,-0.007,0.004));
#4884=CARTESIAN_POINT('',(-3.46944695195361E-18,-0.007,0.004));
#4885=CARTESIAN_POINT('',(-0.005,-0.007,0.016));
#4886=CARTESIAN_POINT('',(-0.005,-0.007,0.012));
#4887=CARTESIAN_POINT('',(-0.0059333752096446,-0.00876884445840241,0.012));
#4888=CARTESIAN_POINT('',(-0.0059333752096446,-0.00876884445840241,0.012));
#4889=CARTESIAN_POINT('',(-0.005,-0.007,0.004));
#4890=CARTESIAN_POINT('',(-3.46944695195361E-18,-0.007,0.004));
#4891=CARTESIAN_POINT('',(-0.0075,0.001,0.014));
#4892=CARTESIAN_POINT('',(0.0061,0.015,0.014));
#4893=CARTESIAN_POINT('',(0.0075,0.015,0.014));
#4894=CARTESIAN_POINT('',(0.0075,0.001,0.014));
#4895=CARTESIAN_POINT('',(0.015,0.017,0.016));
#4896=CARTESIAN_POINT('',(0.015,0.017,0.004));
#4897=CARTESIAN_POINT('',(-0.015,0.017,0.002));
#4898=CARTESIAN_POINT('',(-0.015,0.017,0.004));
#4899=CARTESIAN_POINT('',(0.015,0.013,0.002));
#4900=CARTESIAN_POINT('',(0.015,0.013,0.004));
#4901=CARTESIAN_POINT('',(0.011,0.009,0.002));
#4902=CARTESIAN_POINT('',(0.011,0.009,0.004));
#4903=CARTESIAN_POINT('',(0.01,0.0107320508075689,0.004));
#4904=CARTESIAN_POINT('',(0.011,0.009,0.003));
#4905=CARTESIAN_POINT('',(-0.011,0.009,0.016));
#4906=CARTESIAN_POINT('',(-0.011,0.009,0.003));
#4907=CARTESIAN_POINT('',(-0.01,0.0107320508075689,0.004));
#4908=CARTESIAN_POINT('',(-0.011,0.009,0.004));
#4909=CARTESIAN_POINT('',(-0.015,0.013,0.002));
#4910=CARTESIAN_POINT('',(-0.015,0.013,0.004));
#4911=CARTESIAN_POINT('',(-0.0084,-0.019,0.016));
#4912=CARTESIAN_POINT('',(-0.0109333438024111,-0.0164666561975889,0.012));
#4913=CARTESIAN_POINT('',(0.009,-0.0184,0.016));
#4914=CARTESIAN_POINT('',(0.009,-0.0184,0.012));
#4915=CARTESIAN_POINT('',(-0.009,0.0184,0.016));
#4916=CARTESIAN_POINT('',(-0.009,0.0184,0.004));
#4917=CARTESIAN_POINT('',(-0.01,0.0174,0.004));
#4918=CARTESIAN_POINT('',(-0.0158,0.0116,-0.0018));
#4919=CARTESIAN_POINT('',(0.0084,0.019,0.016));
#4920=CARTESIAN_POINT('',(0.0084,0.019,0.004));
#4921=CARTESIAN_POINT('',(0.01,0.0174,0.004));
#4922=CARTESIAN_POINT('',(0.0101333333333333,0.0172666666666667,0.00386666666666667));
#4923=CARTESIAN_POINT('',(5.05961013826572E-19,0.0137,0.008));
#4924=CARTESIAN_POINT('',(-0.0046,0.0137,0.0101972309082294));
#4925=CARTESIAN_POINT('',(-0.0046,0.0137,0.0101972309082294));
#4926=CARTESIAN_POINT('',(0.0022,0.0137,0.0048));
#4927=CARTESIAN_POINT('',(0.0022,0.0137,0.0048));
#4928=CARTESIAN_POINT('',(-8.67361737988404E-18,0.0137,0.0048));
#4929=CARTESIAN_POINT('',(-0.0022,0.0137,0.0048));
#4930=CARTESIAN_POINT('',(-0.0022,0.0137,0.0048));
#4931=CARTESIAN_POINT('',(-0.0041,0.0155,0.0118));
#4932=CARTESIAN_POINT('',(0.0041,0.0155,0.0118));
#4933=CARTESIAN_POINT('',(0.0059333752096446,-0.013,0.012));
#4934=CARTESIAN_POINT('',(0.0059333752096446,-0.013,0.012));
#4935=CARTESIAN_POINT('',(0.0074666876048223,-0.013,0.012));
#4936=CARTESIAN_POINT('',(0.0074666876048223,-0.016,0.012));
#4937=CARTESIAN_POINT('',(0.0067666876048223,-0.016,0.012));
#4938=CARTESIAN_POINT('',(-0.00593337520964459,-0.013,0.012));
#4939=CARTESIAN_POINT('',(-0.00593337520964459,-0.013,0.012));
#4940=CARTESIAN_POINT('',(-0.0074666876048223,-0.013,0.012));
#4941=CARTESIAN_POINT('',(-0.00746668760482229,-0.016,0.012));
#4942=CARTESIAN_POINT('',(-0.00676668760482229,-0.016,0.012));
#4943=CARTESIAN_POINT('',(-0.00746668760482229,-0.016,0.009));
#4944=CARTESIAN_POINT('',(-0.00746668760482229,-0.016,0.009));
#4945=CARTESIAN_POINT('',(-0.00676668760482229,-0.016,0.009));
#4946=CARTESIAN_POINT('',(0.,0.,0.009));
#4947=CARTESIAN_POINT('',(0.0074666876048223,-0.016,0.009));
#4948=CARTESIAN_POINT('',(0.0074666876048223,-0.016,0.009));
#4949=CARTESIAN_POINT('',(0.0081666876048223,-0.016,0.009));
#4950=CARTESIAN_POINT('',(0.,0.,0.009));
#4951=CARTESIAN_POINT('',(-0.007,0.0172,0.009));
#4952=CARTESIAN_POINT('',(-0.007,0.0172,0.009));
#4953=CARTESIAN_POINT('',(-0.0063,0.0172,0.009));
#4954=CARTESIAN_POINT('',(0.,0.,0.009));
#4955=CARTESIAN_POINT('',(0.007,0.0172,0.009));
#4956=CARTESIAN_POINT('',(0.007,0.0172,0.009));
#4957=CARTESIAN_POINT('',(0.0077,0.0172,0.009));
#4958=CARTESIAN_POINT('',(0.,0.,0.009));
#4959=CARTESIAN_POINT('',(-6.93889390390723E-18,3.46944695195361E-18,0.004));
#4960=CARTESIAN_POINT('',(0.01,5.63785129692463E-18,0.004));
#4961=CARTESIAN_POINT('',(-6.93889390390723E-18,3.46944695195361E-18,0.004));
#4962=CARTESIAN_POINT('',(-0.01,0.0184,0.004));
#4963=CARTESIAN_POINT('',(-0.01,-8.67361737988397E-19,0.004));
#4964=CARTESIAN_POINT('',(0.009,0.015,0.005));
#4965=CARTESIAN_POINT('',(-0.0046,0.0168,0.016));
#4966=CARTESIAN_POINT('',(-0.0022,0.0168,0.0048));
#4967=CARTESIAN_POINT('',(-0.0022,0.0168,0.0048));
#4968=CARTESIAN_POINT('',(2.89120579329468E-19,0.0168,0.0048));
#4969=CARTESIAN_POINT('',(0.0022,0.0168,0.0048));
#4970=CARTESIAN_POINT('',(0.0022,0.0168,0.0048));
#4971=CARTESIAN_POINT('',(4.77048955893622E-18,-0.0119,0.0032));
#4972=CARTESIAN_POINT('',(4.77048955893622E-18,-0.0119,0.0032));
#4973=CARTESIAN_POINT('',(4.33680868994202E-18,-0.0109,0.0032));
#4974=CARTESIAN_POINT('',(4.33680868994202E-18,-0.0109,0.0026));
#4975=CARTESIAN_POINT('',(1.7347234759768E-18,-0.0011,0.0032));
#4976=CARTESIAN_POINT('',(7.28583859910259E-18,-0.0115,0.0032));
#4977=CARTESIAN_POINT('',(4.33680868994202E-18,-0.0109,0.0026));
#4978=CARTESIAN_POINT('',(-0.0046,0.0143,0.0136));
#4979=CARTESIAN_POINT('',(-0.0046,0.0135946920771661,0.0096));
#4980=CARTESIAN_POINT('',(0.0022,0.015,0.0048));
#4981=CARTESIAN_POINT('',(0.0022,0.015,0.0048));
#4982=CARTESIAN_POINT('',(-0.0022,0.015,0.0048));
#4983=CARTESIAN_POINT('',(-0.0022,0.015,0.0048));
#4984=CARTESIAN_POINT('',(1.7347234759768E-18,-0.0011,0.0048));
#4985=MECHANICAL_DESIGN_GEOMETRIC_PRESENTATION_REPRESENTATION('',(#3031),
#4987);
#4986=MECHANICAL_DESIGN_GEOMETRIC_PRESENTATION_REPRESENTATION('',(#3032),
#4988);
#4987=(
GEOMETRIC_REPRESENTATION_CONTEXT(3)
GLOBAL_UNCERTAINTY_ASSIGNED_CONTEXT((#4989))
GLOBAL_UNIT_ASSIGNED_CONTEXT((#4995,#4993,#4991))
REPRESENTATION_CONTEXT('?2-2 Top cover','TOP_LEVEL_ASSEMBLY_PART')
);
#4988=(
GEOMETRIC_REPRESENTATION_CONTEXT(3)
GLOBAL_UNCERTAINTY_ASSIGNED_CONTEXT((#4990))
GLOBAL_UNIT_ASSIGNED_CONTEXT((#4996,#4994,#4992))
REPRESENTATION_CONTEXT('?2-1 Body','TOP_LEVEL_ASSEMBLY_PART')
);
#4989=UNCERTAINTY_MEASURE_WITH_UNIT(LENGTH_MEASURE(1.E-8),#4995,
'DISTANCE_ACCURACY_VALUE','Maximum Tolerance applied to model');
#4990=UNCERTAINTY_MEASURE_WITH_UNIT(LENGTH_MEASURE(2.E-5),#4996,
'DISTANCE_ACCURACY_VALUE','Maximum Tolerance applied to model');
#4991=(
NAMED_UNIT(*)
SI_UNIT($,.STERADIAN.)
SOLID_ANGLE_UNIT()
);
#4992=(
NAMED_UNIT(*)
SI_UNIT($,.STERADIAN.)
SOLID_ANGLE_UNIT()
);
#4993=(
NAMED_UNIT(*)
PLANE_ANGLE_UNIT()
SI_UNIT($,.RADIAN.)
);
#4994=(
NAMED_UNIT(*)
PLANE_ANGLE_UNIT()
SI_UNIT($,.RADIAN.)
);
#4995=(
LENGTH_UNIT()
NAMED_UNIT(*)
SI_UNIT($,.METRE.)
);
#4996=(
LENGTH_UNIT()
NAMED_UNIT(*)
SI_UNIT($,.METRE.)
);
#4997=PRODUCT_DEFINITION_SHAPE('','',#4999);
#4998=PRODUCT_DEFINITION_SHAPE('','',#5000);
#4999=PRODUCT_DEFINITION('','',#5003,#5001);
#5000=PRODUCT_DEFINITION('','',#5004,#5002);
#5001=PRODUCT_DEFINITION_CONTEXT('',#5015,'design');
#5002=PRODUCT_DEFINITION_CONTEXT('',#5016,'design');
#5003=PRODUCT_DEFINITION_FORMATION_WITH_SPECIFIED_SOURCE('','',#5007,
 .NOT_KNOWN.);
#5004=PRODUCT_DEFINITION_FORMATION_WITH_SPECIFIED_SOURCE('','',#5008,
 .NOT_KNOWN.);
#5005=PRODUCT_RELATED_PRODUCT_CATEGORY('','',(#5007));
#5006=PRODUCT_RELATED_PRODUCT_CATEGORY('','',(#5008));
#5007=PRODUCT('?2-2 Top cover','?2-2 Top cover','?2-2 Top cover',(#5011));
#5008=PRODUCT('?2-1 Body','?2-1 Body','?2-1 Body',(#5012));
#5009=PRODUCT_CATEGORY('','');
#5010=PRODUCT_CATEGORY('','');
#5011=PRODUCT_CONTEXT('',#5015,'mechanical');
#5012=PRODUCT_CONTEXT('',#5016,'mechanical');
#5013=APPLICATION_PROTOCOL_DEFINITION('international standard',
'ap242_managed_model_based_3d_engineering',2020,#5015);
#5014=APPLICATION_PROTOCOL_DEFINITION('international standard',
'ap242_managed_model_based_3d_engineering',2020,#5016);
#5015=APPLICATION_CONTEXT('managed model based 3d engineering');
#5016=APPLICATION_CONTEXT('managed model based 3d engineering');
ENDSEC;
END-ISO-10303-21;
